depth_ppt,minus2lnL
1.14928,94.2651
1.16826,93.701
1.18724,93.1456
1.20622,92.5992
1.2252,92.062
1.24418,91.5345
1.26316,91.0168
1.28214,90.5092
1.30112,90.0122
1.3201,89.5258
1.33908,89.0505
1.35806,88.5865
1.37704,88.1341
1.39602,87.6936
1.415,87.2652
1.43398,86.8494
1.45296,86.4463
1.47194,86.0562
1.49092,85.6795
1.5099,85.3164
1.52888,84.9673
1.54786,84.6323
1.56684,84.3119
1.58582,84.0062
1.6048,83.7157
1.62378,83.4405
1.64276,83.1809
1.66174,82.9373
1.68072,82.7099
1.6997,82.4991
1.71868,82.3051
1.73766,82.1281
1.75664,81.9686
1.77562,81.8268
1.7946,81.7029
1.81358,81.5973
1.83256,81.5102
1.85154,81.442
1.87052,81.3929
1.8895,81.3633
1.90848,81.3533
1.92746,81.3634
1.94644,81.3937
1.96542,81.4446
1.9844,81.5164
2.00338,81.6093
2.02236,81.7237
2.04134,81.8599
2.06032,82.018
2.0793,82.1985
2.09828,82.4016
2.11726,82.6275
2.13624,82.8767
2.15522,83.1493
2.1742,83.4457
2.19318,83.7662
2.21216,84.111
2.23115,84.4804
2.25013,84.8747
2.26911,85.2943
2.28809,85.7393
2.30707,86.2102
2.32605,86.7071
2.34503,87.2304
2.36401,87.7804
2.38299,88.3573
2.40197,88.9614
2.42095,89.5931
2.43993,90.2526
2.45891,90.9402
2.47789,91.6561
2.49687,92.4008
2.51585,93.1745
2.53483,93.9774
2.55381,94.8098
2.57279,95.6722
2.59177,96.5646
2.61075,97.4875
2.62973,98.441
2.64871,99.4256
2.66769,100.441
