name,z,mB,mB_err,x1,x1_err,c,c_err,cov_mB_x1,cov_mB_c,cov_x1_c,host_logmass,host_logmass_err
000014,0.13614,20.7473,0.0448413,0.47577,0.57882,-0.111842,0.033921,0.00258596,0.000890215,0.00104444,9.80415,0.048
000137,0.11901,19.6281,0.0369313,-0.710055,0.17565,0.081772,0.030635,0.00215453,0.000891592,0.000521404,10.2136,0.035
020027,0.11001,19.3621,0.0335753,0.29665,0.15075,0.036283,0.029087,-8.01526e-05,0.000834751,-0.000914233,10.0054,0.107
100405,0.10294,19.1817,0.0842433,-0.941741,0.36448,0.044595,0.054733,0.0271485,0.00440027,0.0155417,10.3204,0.1
1032,0.12921,20.1088,0.0563934,-2.5393,0.20428,0.052555,0.038995,0.00294889,0.00160523,0.00101712,10.2777,0.067
1241,0.0887,18.8841,0.0428187,-0.551806,0.078987,0.055246,0.024,0.000582414,0.000779395,4.96971e-05,9.91509,0.103
12779,0.07906,18.9489,0.0670245,-0.63006,0.2493,0.10798,0.032149,-0.00694448,0.00180711,-0.00332345,10.332,0.083
12781,0.08309,19.1417,0.0401816,-1.83569,0.18894,0.041548,0.026795,0.00399471,0.000782057,0.000781542,10.4457,0.078
12860,0.12058,19.9801,0.0473025,-0.302934,0.20236,0.14487,0.02924,0.00113922,0.00104676,0.000601575,10.1701,0.049
1293758,0.14803,20.023,0.0353926,-1.32993,0.17215,-0.061076,0.039426,0.000838597,0.000909955,-0.00104093,11.0622,0.007
12950,0.08167,18.6972,0.0352445,-0.396496,0.083121,0.027176,0.022079,0.000460877,0.000600013,5.2693e-05,9.42557,0.04
130308,0.08245,18.9741,0.0420266,-1.01914,0.17563,0.091493,0.03123,-0.00134167,0.00111589,-0.000850656,10.1141,0.513
13044,0.12472,19.3395,0.0361454,-0.017798,0.12882,-0.070705,0.022738,0.00112444,0.000617138,0.000455659,10.0637,0.062
13135,0.10361,19.1203,0.0299303,-1.34728,0.10068,-0.067243,0.021711,0.000423812,0.000515912,6.90119e-05,10.8558,0.081
1316385,0.14737,19.5986,0.0458282,1.29208,0.25339,-0.011258,0.031906,0.00563703,0.00108519,0.00201748,9.63951,0.1255
1317666,0.14134,20.1943,0.0415679,-0.139994,0.10639,0.067004,0.029732,0.00162387,0.00105467,0.000535549,9.68561,0.2055
1334084,0.13366,20.0142,0.0845193,-0.905296,0.35417,0.071312,0.051027,0.0142694,0.0037141,0.00639811,9.74734,0.0645
1371,0.11818,18.8049,0.0352394,0.79096,0.096667,-0.102471,0.02217,0.000654412,0.000548961,8.18027e-05,10.5372,0.067
13736,0.14898,19.7422,0.0429844,1.11597,0.16716,-0.022762,0.024428,0.00160295,0.000772515,0.000418919,9.07749,0.08
13796,0.14747,19.5934,0.0330593,0.79596,0.11786,-0.021491,0.022257,0.000612169,0.000557205,0.000169035,9.66952,0.055
13894,0.12377,20.088,0.047853,0.71922,0.16833,0.16435,0.028937,0.00160174,0.00101129,0.00072323,8.72392,0.105
14024,0.14771,20.2606,0.0666102,-1.92744,0.20112,0.041117,0.03528,0.00185629,0.00175635,0.000876396,10.7329,0.198
14108,0.13477,19.9593,0.0756887,0.24103,0.14792,0.00401,0.030517,0.000328726,0.00179098,0.00016971,10.2314,0.233
14437,0.14806,19.4874,0.0524002,0.61897,0.12404,-0.097744,0.02603,0.000780339,0.000952422,0.000272556,9.91097,0.117
14871,0.1272,19.2189,0.0492218,1.26484,0.11312,-0.053521,0.023662,0.000485488,0.000881095,8.06622e-05,9.14823,0.07
151034,0.13281,19.128,0.0330575,0.31621,0.097702,-0.147882,0.025684,0.00108717,0.000713238,0.000307056,10.6436,4.426
15171,0.13826,19.4545,0.0577537,0.67029,0.14725,-0.072561,0.025914,0.000530433,0.0010914,0.000256604,9.85121,0.142
160099,0.10165,18.9294,0.0415475,0.63877,0.12725,-0.023302,0.028187,-2.11832e-05,0.00100976,-0.000207185,9.5937,0.288
16069,0.12706,19.8717,0.0432431,0.89709,0.22289,0.16215,0.02789,0.00270051,0.000931251,0.0016176,10.179,0.05
17186,0.07875,18.9969,0.0381544,0.62903,0.14817,0.11553,0.024707,0.00190289,0.000709004,8.47502e-05,10.1643,0.057
17497,0.14404,19.7966,0.0323655,0.90707,0.12522,0.038584,0.022744,0.000772553,0.000544977,0.000129535,10.0189,0.052
17568,0.14345,20.9235,0.0775457,0.5715,0.41661,0.21811,0.049107,0.0117057,0.00268218,0.00471182,9.24061,0.073
17605,0.14542,21.2442,0.0658628,0.80389,0.45281,0.023015,0.040239,0.00113681,0.00206585,-0.000428569,10.2332,0.049
1794,0.14082,19.8715,0.0527408,1.15712,0.32796,0.038687,0.028114,0.000224384,0.00115266,0.000410379,11.0328,0.076
18415,0.12958,19.6372,0.0503966,-1.6309,0.17234,-0.083735,0.029777,0.00117624,0.00105022,0.000378258,10.6005,0.077
18602,0.13713,19.8656,0.0506298,0.90996,0.18668,0.063535,0.029645,0.0028049,0.0011236,0.00135887,8.85232,0.106
18612,0.11388,19.4256,0.0302881,-0.737167,0.13214,0.064074,0.022262,0.000443045,0.000555646,8.39691e-05,10.2452,0.092
18809,0.13169,19.5473,0.0620036,-1.16804,0.18228,-0.072678,0.027844,-7.84072e-05,0.00129606,0.000135962,10.6395,0.072
18835,0.12278,19.3059,0.0618819,0.75966,0.11148,-0.007491,0.025877,0.000402557,0.00124026,0.000205485,10.1221,0.095
18855,0.12732,19.4888,0.0545208,0.24873,0.14548,-0.022638,0.025018,0.000325476,0.00104843,0.000199965,9.82915,0.065
190260,0.14359,19.5762,0.0643465,0.98142,0.12321,-0.052167,0.030895,0.00113464,0.00158148,0.000365528,10.2639,0.042
19775,0.137,20.0509,0.0545326,-0.212482,0.20423,0.098699,0.030737,0.00204288,0.00123797,0.00102807,10.0494,0.104
1990af,0.04934,17.5016,0.037839,-2.16797,0.14105,-0.06932,0.04549,0.000112515,0.00128512,-0.000632642,11.2421,0.28089
1992ag,0.02585,16.1351,0.0697101,-0.676962,0.10882,0.20097,0.048289,7.94582e-05,0.00228536,-0.000302467,10.3918,0.28089
1992bg,0.03515,16.5793,0.10989,-0.452709,0.12174,-0.052286,0.052965,-0.00206835,0.00427056,-0.0013616,10.4968,0.28089
1992bh,0.0444,17.3486,0.0377084,-0.008455,0.14974,0.023653,0.045347,-0.0015642,0.00134983,-0.00201556,10.1363,0.3
1992bs,0.06372,18.0085,0.0409461,-0.254896,0.12543,-0.046839,0.048183,-0.00157494,0.00144656,-0.00107221,10.5104,0.28089
1993ag,0.04985,17.6141,0.0700589,-0.828686,0.13624,0.047309,0.050063,-0.00011902,0.0022929,-0.00123586,10.7191,0.28089
1994M,0.02464,16.0309,0.0368391,-1.42754,0.090378,0.042876,0.028726,-0.000124507,0.000824536,-8.24662e-05,10.974,0.6
1994T,0.03583,16.9856,0.0460261,-1.51339,0.15186,0.031814,0.031789,-0.000905583,0.000982841,-0.000590834,10.2173,0.19
19953,0.12207,18.9546,0.0360525,0.72853,0.18419,-0.130952,0.02211,0.00101939,0.000579822,0.000929486,9.37542,0.063
1995ac,0.0486,16.8089,0.0374671,0.7562,0.087741,-0.061435,0.027624,1.87181e-05,0.000828142,-0.000222344,10.3844,0.07
1996C,0.02913,16.3611,0.0352173,0.66261,0.13046,0.042514,0.029332,-0.000814143,0.000841059,-0.000605728,9.36646,0.19
1996bl,0.03459,16.4495,0.063819,-0.152679,0.10963,-0.019262,0.031572,0.00045265,0.00157282,0.000164367,10.1459,0.16
1997dg,0.02996,16.6295,0.053366,-0.316156,0.17535,-0.027815,0.030546,-0.000590053,0.00123056,-0.000221638,8.80558,0.31
1998ab,0.02873,15.8787,0.0328133,0.22754,0.074312,0.08478,0.027209,0.000635888,0.000743905,0.000248509,10.3527,0.18
1998dx,0.05018,17.3128,0.0458945,-1.59626,0.29474,-0.106585,0.033097,-0.00116384,0.00115042,0.00053349,11.2793,0.28089
1999aw,0.0391,16.5274,0.0331789,2.26683,0.084175,-0.057719,0.026522,-0.000391221,0.000781601,-0.000543471,9.41836,0.3
1999cc,0.03116,16.5114,0.0311547,-1.60696,0.074875,-0.027281,0.026522,-0.000123079,0.00069512,-0.00016901,11.2896,0.095
2001az,0.04101,16.7018,0.0480562,1.11507,0.40795,-0.081271,0.029423,-0.00460392,0.000988,0.00153605,10.239,0.059
2001ba,0.03096,15.9327,0.0469911,0.16331,0.091746,-0.198625,0.04115,-0.000281873,0.00137584,-0.000737316,10.7576,0.28089
2002bf,0.02525,15.7978,0.15303,-2.2722,0.30468,-0.103208,0.092017,0.020799,0.0130565,0.0145497,10.3104,0.031
2003U,0.02833,17.4977,0.0411235,-2.12399,0.32173,-0.041435,0.033586,0.00573946,0.00116332,0.00300444,10.2925,0.041
2003cq,0.03378,16.9267,0.0608434,-0.735787,0.15753,0.09667,0.050938,0.000851393,0.00293468,-0.000249224,10.4839,0.037
2003it,0.0251,16.1328,0.0517252,-1.5665,0.16037,0.026245,0.032674,0.000823027,0.00131156,-9.66099e-05,10.4235,0.026
2003iv,0.03491,16.7921,0.0811932,-2.07235,0.18828,-0.076635,0.036789,-0.000440216,0.00232648,-0.000300921,10.8038,3.872
2003kc,0.03479,16.8423,0.0565346,-0.627251,0.17134,0.058669,0.037372,-0.000103375,0.00193703,0.000197909,10.3635,0.045
2004L,0.03373,17.1121,0.044689,-1.03269,0.24302,0.15241,0.032163,0.000580694,0.00103208,0.000112504,10.1437,0.047
2004gs,0.02857,16.8819,0.0277336,-1.88149,0.031957,0.099105,0.022831,-0.000107129,0.00049428,-0.000177079,10.7301,0.01
2004gu,0.04664,17.1781,0.0256439,1.42917,0.059303,0.069815,0.022584,-0.000153516,0.000452924,-0.000306168,10.026,0.14
2005ag,0.08009,18.1867,0.0292482,0.28209,0.050407,-0.074453,0.023665,-0.000178834,0.000481542,-0.000216107,10.69,0.12
2005bg,0.02434,15.5864,0.0279705,0.38747,0.057364,-0.060615,0.021939,-0.000380517,0.000479872,-0.000267834,9.73321,0.01
2005hj,0.05708,17.4717,0.0297356,1.61884,0.10542,-0.02589,0.024024,-9.37885e-05,0.000514027,-0.000376575,9.22407,0.13
2005iq,0.03341,16.5537,0.0324163,-1.11399,0.11021,-0.098536,0.027585,7.44752e-05,0.000761863,-0.000145681,10.49,0.28089
2005ir,0.0752,18.1593,0.0263767,0.72205,0.12811,-0.025823,0.023678,0.000193609,0.000456505,-7.34961e-05,9.78987,0.09
2005ms,0.02669,15.8904,0.0351219,0.43692,0.077026,-0.055584,0.026914,0.000249193,0.000788672,-9.39526e-05,8.49436,0.102
2006S,0.03393,16.5789,0.0297753,0.8864,0.067147,0.023002,0.026337,-1.35462e-05,0.00068443,-0.000236704,10.2024,0.087
2006bw,0.03132,17.2252,0.060152,-1.75496,0.1733,0.24188,0.031986,-0.00139591,0.00132128,-0.000224222,11.5,0.132
2006cf,0.04268,16.792,0.0404032,-0.261406,0.20558,-0.125206,0.031788,-0.00194033,0.00111473,-0.00108187,10.9479,0.01
2006cq,0.04944,17.3241,0.0315457,-0.16718,0.5083,-0.006857,0.029073,0.00410486,0.000788562,0.00417774,10.6551,0.401
2006cz,0.04268,16.8023,0.0581776,1.55722,0.44265,0.14909,0.037597,-0.00626216,0.00169786,-0.00736281,10.8544,3.35
2006ev,0.0281,16.7945,0.0584629,-1.33707,0.074622,0.065619,0.027691,-0.000739753,0.00123084,-0.000287455,11.3017,0.12
2006gj,0.02803,17.3773,0.0526857,-2.10847,0.077437,0.23987,0.027156,-9.22354e-05,0.00105555,-0.000267055,10.9096,0.16
2006gt,0.04464,17.9183,0.0300189,-2.07243,0.073024,0.090384,0.023677,-0.000106188,0.00053581,-0.000223615,9.98853,0.13
2006hx,0.04487,17.2424,0.0292776,-0.133588,0.073683,0.011652,0.024392,0.000597115,0.000545936,0.000111942,10.1086,0.13
2006lu,0.05346,17.2516,0.0667191,0.26916,0.066536,-0.139525,0.028053,-0.000278688,0.00136841,-0.000204908,10.0668,0.14
2006oa,0.06153,17.6386,0.0378925,1.27481,0.23874,-0.016435,0.029345,0.00269246,0.00089214,0.00117353,8.11091,0.115
2006os,0.03294,17.3448,0.0837713,-0.668765,0.060653,0.27902,0.030982,-0.000511814,0.00205321,-0.000278608,10.8407,0.15
2006ot,0.05202,17.7273,0.0254217,0.82077,0.091625,0.099567,0.02315,-0.000473937,0.00046494,-0.000368389,11.3736,0.17
2006sr,0.02388,15.9144,0.0609277,-1.36612,0.117,-0.015239,0.031519,6.29076e-05,0.00148462,1.96782e-05,10.7951,0.05
2006te,0.0329,16.2935,0.0452019,-0.090751,0.098736,-0.08068,0.030485,-0.00128455,0.00115861,-0.00084691,10.4808,0.076
2007F,0.02417,15.6559,0.0310608,0.40579,0.10875,-0.012123,0.0263,0.000542849,0.000713784,0.000178283,9.63941,0.003
2007ae,0.06533,17.5401,0.0444305,1.75915,0.28665,-0.012542,0.031713,-0.00289469,0.00110847,-0.000475577,10.8837,3.812
2007ai,0.0326,16.7685,0.18604,1.00077,0.099942,0.12338,0.055143,-0.00518189,0.00936698,-0.00163823,10.7402,0.12
2007bd,0.0312,16.2903,0.0415602,-1.2054,0.22471,-0.056702,0.033189,0.00324714,0.00106923,0.000573057,10.4344,0.002
2007cq,0.0251,15.6483,0.0724473,-0.13142,0.34467,-0.006157,0.054416,0.00286,0.00253496,0.00135261,9.36898,0.004
2007hu,0.03551,17.4537,0.16039,-1.39482,0.5232,0.20526,0.070168,-0.0194218,0.00727154,-0.00352071,11.2439,0.026
2007hx,0.07875,18.9579,0.0286586,0.48448,0.14,0.090692,0.024597,-0.000437034,0.000517884,-0.000496056,10.2646,0.11
2007is,0.02866,16.1685,0.0402055,-0.440798,0.18389,0.004586,0.031987,-0.00186977,0.00108155,-0.0015436,10.7887,0.067
2007jd,0.07222,18.615,0.0462907,-0.876053,0.10327,0.041465,0.026092,-5.4145e-05,0.000874169,-0.000130836,9.75914,0.11
2007jh,0.04167,18.0581,0.0615652,-1.96997,0.12118,0.1894,0.029164,-8.29464e-06,0.00132755,-0.000260026,10.84,0.16
2007kk,0.04285,16.7327,0.12592,0.94211,0.21679,-0.049623,0.042293,0.000864165,0.00459039,-0.000363324,10.8891,0.002
2007nq,0.04349,17.1283,0.0292073,-1.89805,0.049053,-0.047927,0.023406,-7.58132e-05,0.000504293,-0.000179546,11.1165,0.16
2007su,0.0274,16.655,0.0682278,0.24547,0.35091,0.17494,0.036404,-0.00024764,0.00197735,0.00197896,8.47416,0.081
2007sw,0.02517,16.0333,0.0392569,0.074801,0.13097,0.096088,0.030831,0.000246455,0.00102804,6.82528e-05,8.41811,0.131
2007ux,0.03264,17.0308,0.0333747,-1.93734,0.051458,0.044949,0.023599,-0.000134078,0.000584473,-0.000198597,10.0948,0.01
2008Y,0.07056,18.203,0.0892961,-0.281662,0.53662,0.060506,0.042844,-0.0105157,0.00249459,-0.00203219,10.544,0.004
2008at,0.03522,17.3392,0.0960404,-1.53188,0.1908,0.21412,0.051836,-0.00233937,0.00333885,-0.00178996,11.3036,3.329
2008cf,0.04682,16.7783,0.0425169,1.32938,0.089558,-0.116433,0.024494,-0.00071528,0.000803388,-0.00053083,8.91208,0.34
2008eq,0.05728,17.9717,0.0532614,0.50506,0.24341,0.10104,0.034055,0.00327692,0.00132922,0.00102343,10.1809,0.004
2008gb,0.03796,16.8088,0.11288,0.035543,0.26811,-0.026254,0.041743,-0.00042196,0.0038516,-0.000449936,9.17934,4.495
2008gl,0.03272,16.5278,0.0341714,-1.48661,0.098977,-0.044974,0.028451,0.000347476,0.000805224,-9.33662e-05,11.1311,0.432
2008hj,0.03682,16.4945,0.0287141,0.18381,0.036397,-0.0755,0.02205,-9.48068e-05,0.000473231,-0.000132903,9.9461,0.39
2008hu,0.05052,17.5866,0.0623726,-1.71892,0.056792,-0.049449,0.028025,-0.00023616,0.00132372,-0.000158455,11.5,0.2
2009D,0.02453,15.4324,0.0356025,0.6502,0.02688,-0.096976,0.021905,-0.000174388,0.00054354,-0.00017537,10.1971,0.13
2009ad,0.02844,15.9027,0.068596,0.14801,0.075007,-0.08227,0.031352,2.66884e-05,0.00171107,-0.000103992,10.4871,3.5
2009cz,0.02343,15.5189,0.0411628,0.73538,0.25892,0.00834,0.049726,0.0034473,0.00150618,0.00116268,10.5159,0.001
2009eu,0.03108,17.4639,0.0447283,-1.99511,0.20963,0.20113,0.038241,0.0036392,0.00145978,0.00105314,11.5,0.002
2009jb,0.02307,15.6622,0.048934,-0.07521,0.51713,0.022295,0.058604,0.0056785,0.00196943,0.00164986,7.79338,0.03
2010ag,0.03335,16.3599,0.038038,1.79713,0.21663,0.028141,0.030831,0.000639396,0.00092252,-0.000237543,10.6105,0.461
2010dt,0.05316,17.3523,0.0599343,-0.080844,0.44217,-0.10615,0.042276,0.0203018,0.00208485,0.00895738,10.1659,0.441
2010dw,0.03902,16.8729,0.0607647,0.19176,0.11415,0.058849,0.032378,-9.53225e-05,0.00150849,-0.000440051,10.008,4.047
2010gn,0.03147,16.5552,0.0453483,-0.777601,0.33601,-0.103919,0.059729,0.00577049,0.00178082,0.00389554,8.98332,0.021
2010gp,0.02411,15.9382,0.0592426,-0.512147,0.24684,0.1744,0.052945,0.00197356,0.00211098,0.000372022,9.22547,0.006
2010hs,0.0756,18.1524,0.0763926,1.12001,0.55185,-0.101863,0.047675,0.00631673,0.00279132,0.00308311,10.4575,0.005
2010ii,0.02805,15.9035,0.0566189,-1.63665,0.18002,-0.106486,0.031299,0.0003114,0.00134111,0.000248144,7.97988,0.002
2011dl,0.03403,16.8963,0.05389,0.59667,0.19089,0.12826,0.030457,-0.000258639,0.0013251,0.000110151,9.08368,0.07
2011dn,0.02513,15.4132,0.10542,0.21601,0.27569,0.0523,0.058411,0.00399036,0.00404479,0.0013975,9.15925,0.013
2011hb,0.0282,16.0947,0.0597009,0.14953,0.35962,0.033306,0.062281,0.0107185,0.00244993,0.00635645,11.031,0.004
2013bs,0.02866,16.3552,0.0380803,-1.53613,0.088993,-0.014122,0.029987,-5.84226e-05,0.000985437,-0.000475762,10.8022,0.002
2016afk,0.04738,17.5003,0.0534497,-0.290903,0.22075,0.03245,0.037705,0.00245692,0.00167748,0.00189554,9.44086,0.002
2016fbk,0.03576,17.0065,0.0402182,-0.491218,0.11336,0.092859,0.028477,-0.000250863,0.000918834,-0.000376618,10.765,0.002
20625,0.10707,19.2299,0.0321375,-0.101771,0.20648,-0.000837,0.023675,0.00175208,0.000612871,0.00136706,10.0166,0.048
21062,0.13745,20.1128,0.0438289,0.72242,0.35017,0.019183,0.032271,0.00372552,0.000868814,0.0030416,8.95999,0.081
2635,0.14325,19.5979,0.0536384,0.85923,0.1362,-0.045749,0.025536,0.000651799,0.00102445,8.06264e-05,9.59628,0.054
2916,0.12316,19.7657,0.0625674,-0.749253,0.23346,0.071644,0.035817,0.00747068,0.00181031,0.0032464,9.77924,0.008
300105,0.09205,19.1822,0.0399496,0.32783,0.090019,0.072885,0.027341,0.000776523,0.000877042,8.38124e-05,9.04492,0.059
3256,0.10711,19.3312,0.061139,-0.424628,0.16474,0.006569,0.034494,0.00392615,0.00170561,0.00212616,9.894,0.054
350316,0.07991,18.2603,0.038239,-0.427538,0.086026,-0.071956,0.027541,0.00106633,0.000885992,0.000264816,8.61131,0.566
360156,0.04656,17.3611,0.0425157,-0.863374,0.14775,-0.028343,0.035452,0.00216949,0.00122792,0.000139624,9.8038,0.045
370066,0.09089,18.5599,0.0386281,-0.081354,0.46993,-0.101902,0.032593,0.00646261,0.00107535,0.00598568,9.12019,0.034
370333,0.07588,18.2386,0.044719,0.91969,0.16381,-0.021726,0.037703,0.00397003,0.00147655,0.00187538,7.99137,0.1
370566,0.07167,18.2153,0.0363325,-0.201739,0.10196,-0.012934,0.03377,0.00094219,0.0010357,-2.51459e-05,9.18771,0.192
390259,0.12231,19.5572,0.0572052,-0.298396,0.13517,0.028867,0.029947,0.00119561,0.00083982,6.45222e-05,9.15024,1.299
440008,0.14652,20.0078,0.0326114,-0.308162,0.1928,0.00046,0.026483,0.00178266,0.000746803,0.00115978,9.32684,0.21
490007,0.05541,17.6246,0.0393667,-0.205706,0.0865,-0.026126,0.033123,0.00112122,0.00109978,0.000210095,9.16275,0.067
490008,0.12086,19.1035,0.0353142,0.35309,0.10465,-0.099903,0.02619,0.00122846,0.000780284,0.000356043,8.89488,0.429
5395,0.11653,19.2338,0.044739,1.18355,0.13593,-0.014134,0.023699,0.0007071,0.00080726,0.000279285,8.49999,0.075
5549,0.12014,19.4009,0.0321317,0.25819,0.09811,0.00707,0.022316,0.000661365,0.000563449,0.000311121,8.5812,0.096
560033,0.07895,18.8016,0.0431323,-0.248002,0.14996,0.09678,0.029915,0.00212859,0.00107133,0.000647543,9.07144,0.368
570062,0.12383,19.3781,0.0382164,0.11582,0.24943,-0.080542,0.028447,0.00283462,0.000917257,0.00151184,9.98879,0.23
590194,0.09039,18.7522,0.0409527,0.27044,0.20513,0.01867,0.031189,0.00199551,0.00100933,0.000968031,9.75408,0.014
6057,0.06654,18.4415,0.0662818,-0.423267,0.10888,0.11238,0.02879,0.000256836,0.00143615,-6.67907e-05,9.52798,0.049
6406,0.12393,19.3822,0.0452577,0.12939,0.13322,-0.000358,0.023407,0.000761923,0.000814286,0.000516246,10.0062,0.054
744,0.1271,19.5745,0.0572095,1.39569,0.31642,0.073211,0.033756,-0.000519342,0.00155521,0.000687979,9.90923,0.075
8719,0.1165,19.1687,0.0333505,0.017727,0.16355,-0.062751,0.023422,0.00268661,0.000653285,0.00122473,8.80164,0.07
ASASSN-15fa,0.02741,16.3063,0.0425571,0.83709,0.22502,0.053892,0.034025,-0.00113225,0.00121058,-0.000486078,10.6915,0.001
ASASSN-15fs,0.02917,16.0172,0.0620571,-0.021703,0.13116,0.006798,0.034783,0.000267662,0.00169623,0.000172452,10.0517,0.001
ASASSN-15hg,0.03143,16.6256,0.0503451,-1.28742,0.13594,0.011862,0.035988,0.000217557,0.00135366,-0.000261138,10.2789,0.006
ASASSN-15jl,0.03512,16.4189,0.0361909,0.22915,0.15282,-0.085933,0.031868,-3.29092e-06,0.000996917,-0.000305211,8.79586,0.142
ASASSN-15jt,0.0239,16.753,0.0441825,-2.32675,0.14299,0.21149,0.039406,0.00150598,0.00152165,0.000494532,9.91542,0.001
ASASSN-15la,0.02902,16.109,0.0397499,-1.01539,0.22257,0.053166,0.034029,0.00133892,0.00117277,0.00100247,10.5989,0.125
ASASSN-15mf,0.02695,15.9904,0.0442641,-1.14563,0.16636,-0.023271,0.034768,-0.000445626,0.00125514,-0.000222012,10.9913,0.001
ASASSN-15mi,0.03585,16.2652,0.0375196,0.49532,0.1448,-0.007576,0.032119,0.000638322,0.00102804,-7.68823e-05,9.51083,0.297
ASASSN-15np,0.03884,17.0748,0.0470874,-1.06429,0.23568,0.05253,0.037158,0.000327036,0.00127984,-0.000348197,10.1408,0.001
ASASSN-15nq,0.03023,16.1114,0.0454819,-0.336729,0.13348,-0.090459,0.033617,0.00119934,0.00126155,0.000372327,10.6826,0.013
ASASSN-15nr,0.02344,15.5816,0.0829089,1.20679,0.19025,0.028589,0.039662,0.00154916,0.00262636,0.000708509,9.88465,0.013
ASASSN-15pm,0.04837,16.9899,0.0417811,-0.070478,0.17495,-0.058198,0.034851,0.000255738,0.00119913,-0.000636284,10.292,0.097
ASASSN-15pn,0.03909,16.9519,0.0653446,0.38124,0.18136,0.001447,0.037809,0.000720501,0.00190065,-0.000315106,9.1308,0.096
ASASSN-15pr,0.03264,16.6543,0.0661809,-0.669639,0.2244,-0.055939,0.044616,-0.00893071,0.00279862,-0.0049346,9.55707,0.002
ASASSN-15sf,0.02432,15.7165,0.0413885,0.87267,0.13555,-0.069691,0.032833,0.00137283,0.00112581,6.67276e-05,8.21725,0.034
ASASSN-15ss,0.03599,16.3442,0.13425,0.79388,0.23176,-0.120564,0.050478,0.00124285,0.0053895,0.000281829,10.7564,0.104
ASASSN-15tg,0.03529,16.2518,0.040328,1.54158,0.2321,-0.052529,0.034323,0.000276605,0.00116516,-0.000676349,10.227,0.004
ASASSN-15tz,0.02365,16.2645,0.10167,-1.51814,0.1542,0.11405,0.045533,0.00194315,0.00367757,0.000460562,10.1999,0.005
ASASSN-15uu,0.02632,16.2928,0.0562213,0.96417,0.18413,0.16344,0.0376,-5.54537e-05,0.00164652,-0.00062975,9.70579,0.007
ASASSN-15uw,0.03076,16.5948,0.0396924,-0.702146,0.13127,0.045816,0.034032,0.000443772,0.00111612,-0.00038119,10.3471,0.001
ASASSN-16av,0.02773,16.438,0.0463055,0.78114,0.21354,0.16057,0.036869,-0.000123417,0.0014145,-0.000823663,10.9106,0.001
ASASSN-16ay,0.02938,16.7839,0.0586329,0.97889,0.17432,0.20461,0.036502,-0.00115666,0.00168283,-0.000825739,10.3341,0.001
ASASSN-16bc,0.03298,15.9166,0.0472603,0.5932,0.12076,-0.159366,0.033395,0.000662117,0.00124635,-0.000293786,10.3011,0.002
ASASSN-16br,0.02956,16.032,0.0961228,0.82071,0.10738,-0.056094,0.040248,-0.000461101,0.00312983,-0.000706879,9.6179,0.002
ASASSN-16db,0.0373,16.8165,0.0433864,-1.00742,0.15357,0.016022,0.03646,0.00123112,0.00134542,-3.52258e-05,10.678,0.013
ASASSN-16dw,0.03437,16.7191,0.0487269,-0.229019,0.14442,0.054822,0.034758,-0.000379349,0.00137308,-0.000513015,10.1423,0.001
ASASSN-16em,0.0239,15.9178,0.0849831,0.43976,0.13077,0.044848,0.038546,-0.000696054,0.00263854,-0.000718777,8.53565,0.014
ASASSN-16fs,0.02944,16.1675,0.0483575,-1.34003,0.13534,-0.026148,0.037071,-0.000203623,0.00142148,-0.000334381,11.2163,0.002
ASASSN-16hr,0.03083,16.3179,0.0799116,1.05225,0.19827,0.054686,0.038983,0.000369899,0.0023717,-0.000402036,9.46113,0.003
AT2016bln,0.02429,15.6529,0.0409001,1.12918,0.12003,-0.005445,0.032638,0.000934008,0.00113163,-0.000132922,10.4738,0.209
AT2016cor,0.05066,18.1221,0.0433095,-0.547169,0.28855,0.13877,0.035495,0.000493457,0.00131274,0.000526387,9.59462,0.014
AT2016cyt,0.03059,16.1442,0.05908,-1.7723,0.08762,-0.09905,0.034635,0.000725452,0.00159575,5.53991e-05,10.685,0.001
AT2016ews,0.04631,16.7729,0.0482526,1.0445,0.22071,-0.15924,0.036857,0.00372976,0.00145467,0.00148121,10.3881,0.005
AT2016fbk,0.03576,17.1389,0.0476671,-0.008242,0.13757,0.086894,0.034901,0.000885447,0.00135023,-0.000178523,10.7289,0.201
AT2016gsu,0.07575,18.3234,0.0527962,-1.91024,0.56839,-0.113501,0.047352,0.006389,0.00192412,0.00184845,9.75909,0.002
AT2016htn,0.05222,17.7995,0.0439154,-0.150879,0.35045,0.077106,0.037473,0.00403726,0.00140645,0.00191453,10.2648,0.001
AT2017lm,0.03031,16.1577,0.0537933,1.07786,0.31691,-0.016333,0.036082,0.00140444,0.00152268,0.00065026,9.52589,0.013
AT2017ns,0.02849,16.8426,0.0752493,-0.966399,0.26699,0.2265,0.042867,0.00413664,0.00248547,0.00235193,9.90071,0.007
AT2017oz,0.05614,17.5379,0.040845,-0.067616,0.32015,-0.021953,0.037063,0.00396068,0.00128403,0.0011981,9.48953,0.014
AT2017po,0.03255,16.1447,0.0462986,0.21503,0.2454,-0.0745,0.036728,0.000705551,0.00119756,-0.000222569,8.98827,0.082
AT2017yk,0.04691,17.9803,0.0524477,-0.599325,0.5657,0.15152,0.04244,0.011551,0.00187159,0.00524052,10.0803,0.003
ATLAS16agv,0.04819,16.8529,0.0396472,1.32221,0.2059,-0.094154,0.033949,0.000295174,0.00112133,-0.0003622,9.10622,0.1
ATLAS16bwu,0.07091,18.238,0.0450749,0.10725,0.29441,0.042792,0.03957,-0.000556706,0.00152083,-0.000845382,9.63137,0.017
ATLAS17axb,0.03143,17.201,0.0717496,-0.127194,0.14813,-0.102111,0.038173,0.000519461,0.00213626,-0.000343842,9.60754,0.002
CSS160129,0.06844,17.5247,0.0527968,0.68966,0.19472,-0.166092,0.038661,0.000467709,0.0012084,-0.00133029,8.86459,0.1
Gaia16acv,0.07859,18.1412,0.039335,0.56816,0.28287,-0.158189,0.03143,0.00269348,0.00104752,0.00108081,8.87001,0.093
Gaia16agf,0.02509,15.9737,0.0527444,1.3638,0.14605,0.037954,0.034382,0.00103909,0.0014337,3.02931e-05,8.65931,0.1
Gaia16aki,0.07393,18.0217,0.0483116,0.59125,0.24591,-0.087634,0.039528,-0.00184562,0.0015199,-0.00261645,9.48062,0.013
Gaia16bba,0.0299,16.0666,0.0544101,0.007502,0.12781,-0.062035,0.036432,-0.00120028,0.00168009,-0.000985311,7.97207,0.023
LSQ12gdj,0.02947,15.6921,0.0428162,1.27062,0.23744,-0.007815,0.051505,0.00442019,0.00160183,0.00185701,8.87386,0.083
LSQ13crf,0.05974,17.3169,0.0908762,0.16708,1.28541,0.078608,0.10389,0.0206884,0.00353257,0.0117735,8.80055,0.01
MASTERJ0134,0.04369,16.8032,0.0648028,0.40246,0.20036,-0.070549,0.043894,-0.000656787,0.00247972,-0.000363909,9.19675,0.002
PS1-14xw,0.02411,15.6206,0.0604653,1.22828,0.70865,-0.036617,0.056981,0.0125254,0.00212217,0.00604883,9.22547,0.007
PS15ahs,0.02534,15.7344,0.040576,0.17315,0.097042,-0.091254,0.031897,0.000299018,0.00109816,-0.000162818,9.35319,0.015
PS15aii,0.04777,17.1377,0.0388066,0.34871,0.14261,-0.060972,0.033404,0.00098731,0.00109358,0.000214057,10.3823,0.012
PS15asb,0.04989,17.4425,0.0533577,-1.52138,0.24469,0.00342,0.040271,-0.000671928,0.00170474,-0.000353429,10.2884,0.1
PS15atx,0.07252,18.1952,0.0833423,-1.43738,0.89472,-0.180099,0.056028,0.00189132,0.00342019,-0.00481805,10.2531,0.001
PS15bdr,0.07116,18.3636,0.0457289,-2.30724,0.25964,-0.007798,0.044806,0.00212048,0.00167886,-0.00117266,10.5352,0.001
PS15bif,0.07845,18.2219,0.0569696,0.31647,0.29993,-0.025674,0.034789,0.00608735,0.00165536,0.00420445,9.58141,0.003
PS15brr,0.05049,17.0267,0.0576714,0.69604,0.26825,-0.07921,0.041645,0.0038002,0.00160544,0.00118509,9.68818,0.013
PS15bwh,0.07158,17.6874,0.0416184,0.71915,0.21376,-0.081314,0.037564,0.00155013,0.00127226,-0.00119804,10.6434,0.1
PS15bzz,0.07931,18.3565,0.0435549,-0.914595,0.23732,-0.017322,0.032914,0.000748491,0.00111336,-0.000348888,10.4626,0.053
PS15cku,0.02325,15.7328,0.0409601,0.75555,0.14045,-0.010924,0.034209,0.000400359,0.00119078,-0.000188493,9.13095,0.011
PS15cms,0.06627,17.8457,0.0492683,1.37281,0.3396,-0.020643,0.043274,-0.000180377,0.00168576,-0.00440596,10.4286,0.001
PS15cwx,0.03086,16.2028,0.10406,-1.43085,0.088273,-0.076494,0.044047,0.000195809,0.0035788,-0.000819331,10.0401,0.001
PS15mt,0.07193,17.9245,0.0387218,1.6136,0.30109,-0.075972,0.036821,0.00258727,0.00110481,-0.000999856,8.92458,0.047
PS16aer,0.05693,17.8625,0.0419402,-0.052972,0.22047,0.031526,0.035407,0.00268035,0.0012926,0.00116085,10.2711,0.012
PS16axi,0.04089,16.9177,0.0507428,-0.724985,0.18818,-0.028406,0.03884,-0.00169197,0.00173919,-0.00163205,10.1805,0.001
PS16ayd,0.05469,17.1682,0.0457552,0.92156,0.20705,-0.131506,0.034098,0.000260678,0.00130083,0.000413598,10.4328,0.024
PS16bby,0.05468,17.7042,0.0751421,-0.806099,0.23467,0.002451,0.042113,0.0025507,0.0024062,0.000857754,10.4871,0.002
PS16ccn,0.02457,15.6057,0.0558374,0.37785,0.11105,-0.125246,0.035357,-0.000171782,0.00162935,-0.000445957,7.58621,0.013
PS16cqa,0.04521,18.2514,0.0784875,-2.74165,0.34485,0.17268,0.058588,-0.0052857,0.00409731,-0.00205844,10.6243,0.001
PS16cvc,0.02915,16.0629,0.0673696,1.16607,0.13242,-0.099116,0.036324,-0.000703999,0.00192471,-0.000998739,7.95752,0.258
PS16dnp,0.05023,17.2868,0.0643366,0.80899,0.24012,-0.094383,0.037287,-0.000180893,0.00190987,-0.000235212,8.04941,0.285
PS16el,0.0494,17.3414,0.0476096,-1.31125,0.15007,-0.040141,0.03829,3.12079e-05,0.00157944,-0.000912862,9.98418,0.001
PS16em,0.07083,18.7988,0.15293,-0.938437,0.18326,0.19617,0.095695,0.00115358,0.00614915,0.000331296,10.0881,0.002
PS16fa,0.0476,17.4422,0.0384533,-0.651798,0.11284,-0.002868,0.032797,-2.43976e-05,0.00106785,-0.000429945,10.2881,0.013
PS16fbb,0.05106,17.2831,0.0435965,0.64076,0.25359,-0.114949,0.038673,0.00341305,0.00143614,0.00194225,8.77965,0.014
PS16n,0.05309,17.4272,0.0634849,-0.327907,0.20022,-0.060269,0.042756,0.00143147,0.00227481,-0.000175809,10.0228,0.038
PSNJ0153424,0.02556,16.2304,0.0481898,-0.609377,0.09066,0.069316,0.033712,0.00033338,0.00132867,-0.000140587,10.2733,0.001
PSNJ1204051,0.04545,17.1026,0.0429148,1.28783,0.2333,0.035848,0.036042,0.000750108,0.0012777,-0.000430174,10.0939,0.002
PTSS-16efw,0.03568,16.7345,0.12736,-0.139619,0.15966,-0.125294,0.049018,-0.0017286,0.00509445,-0.00109002,9.96056,0.006
PTSS17-niq,0.06897,18.0142,0.048576,-0.597985,0.32918,-0.041041,0.040784,-0.00381646,0.00160469,-0.00265013,10.6052,0.001
SN2016aqb,0.06384,17.4334,0.0419114,0.76814,0.26055,-0.102702,0.034024,0.00161542,0.0011929,0.000323877,9.62423,0.013
SN2016ayg,0.04349,16.9244,0.0471253,-0.263111,0.16628,-0.128598,0.035377,0.00159443,0.0013342,0.000164948,8.05522,0.099
SN2016esh,0.04583,16.8475,0.0494449,-1.2223,0.27035,-0.11222,0.040234,0.00494929,0.00164236,0.00108353,9.49048,0.007
SN2016ixf,0.06711,17.8074,0.0533693,0.79391,0.35403,-0.114194,0.043204,-0.00376014,0.00184069,-0.00339892,9.99601,0.018
SN2017ciy,0.03834,17.1524,0.0583619,1.4631,0.2636,0.012273,0.038448,-0.00107597,0.00178643,-0.000601285,9.7066,0.001
SN2017ckx,0.02858,16.0369,0.0504237,1.97167,0.55096,-0.032273,0.039452,0.0113026,0.00139472,-0.00366412,10.2137,0.001
SN2017cpu,0.05502,17.1232,0.0434413,0.75323,0.34236,-0.060611,0.037778,-0.00108427,0.00137318,-0.00231699,10.521,0.001
SN2017hn,0.02557,15.6562,0.0432661,0.62439,0.21566,-0.027287,0.035539,0.000792594,0.00126857,-0.000558218,10.8634,0.001
SN2017mf,0.02598,16.0258,0.0376897,-0.158018,0.14413,-0.027296,0.033476,9.93683e-05,0.00105197,0.00011409,10.508,0.013
SN2017ms,0.02591,15.5491,0.0375811,0.43188,0.23212,-0.120033,0.033733,0.0019155,0.00092696,-0.000178095,8.61119,0.002
iPTF17dz,0.09293,19.0785,0.17485,1.72317,1.05757,0.11392,0.084127,0.142045,0.0133012,0.0426549,8.80725,0.138
