slope,intercept
1.0865,0.711852
1.01219,1.16239
0.981881,1.38341
1.11161,0.866952
1.13032,0.592947
1.13881,0.640669
1.05369,1.18612
1.05778,1.04631
1.13087,0.827531
1.10792,0.969826
0.958675,1.79155
1.13368,0.572851
1.15058,0.646826
1.09932,0.852634
1.14667,0.676852
1.01947,1.08973
1.09608,0.892309
1.04072,1.05761
1.05827,1.05523
0.98803,1.21582
1.04435,1.08257
1.04188,1.33622
0.967683,1.56533
1.01262,1.24483
1.11516,0.802549
1.03369,1.06253
1.10276,0.781202
1.06426,0.963093
1.07054,1.04641
1.10953,0.80162
1.08462,0.71278
1.11006,0.902707
1.08511,0.730326
1.11945,0.550887
1.07678,0.896951
1.02305,1.26673
0.972443,1.20508
1.06808,0.93633
1.10784,0.729606
1.01571,1.28046
0.994571,1.45648
1.02327,1.25611
1.18488,0.44796
0.979978,1.48458
1.02971,1.26318
1.12595,0.666345
1.04464,0.963075
1.03663,1.01379
1.04818,1.06575
1.16487,0.402086
1.04551,1.10679
0.968541,1.44487
1.04791,1.18862
1.09005,0.746189
1.04832,0.988861
1.05215,1.13325
1.05642,1.07155
1.08044,0.986143
1.06639,0.91979
0.971505,1.56195
1.06138,1.09528
1.08219,0.83646
1.01721,1.27781
1.14949,0.566601
1.03217,1.20436
1.00526,1.52207
1.04743,1.06531
1.06285,0.962758
1.17411,0.422962
1.06535,1.14852
1.08261,0.69815
1.05132,1.01807
1.07483,0.874759
1.1514,0.502622
1.04517,0.870036
1.11699,0.733961
1.08792,0.66042
1.02202,1.27796
1.11062,0.833773
1.04091,1.07889
1.08813,0.975428
0.989565,1.32987
1.05954,0.87278
1.07616,0.775878
1.16472,0.422149
1.03299,1.12504
1.0774,0.817406
1.12278,0.981801
1.09706,0.798607
1.0504,0.90732
1.14932,0.689476
1.03926,1.16196
1.12602,0.711244
1.16024,0.521472
1.08458,0.949876
1.02499,1.15781
1.07066,0.909651
1.05432,0.962836
1.15392,0.510246
1.02598,1.24335
0.987936,1.50176
1.0235,1.18225
1.06845,1.24493
1.10297,0.811793
1.09872,0.832747
1.08077,0.842701
1.14293,0.673199
1.12695,0.759796
1.10346,0.715399
1.02601,1.07532
0.950693,1.75771
1.11906,0.780445
0.973882,1.42422
1.00244,1.42338
1.09899,0.777101
1.0017,1.32001
0.9873,1.46184
1.06464,0.860981
1.10437,0.713056
0.996556,1.45211
1.03244,1.15716
1.0634,1.00391
1.05456,0.9966
1.0844,0.688097
1.03003,1.22391
1.14869,0.62223
1.04188,0.754251
1.16216,0.329381
1.00887,1.04997
1.0381,1.05163
1.15167,0.545739
0.940714,1.5737
1.04407,1.21521
1.05821,1.24381
1.03933,1.02195
1.03372,1.0495
0.990066,1.40562
1.07186,0.83373
1.08088,1.04847
1.06309,0.934509
1.09815,0.730091
1.04263,1.19433
1.03139,1.32909
1.02783,0.993485
1.07496,0.925455
1.02494,0.907315
1.06585,1.02847
1.08192,0.728381
1.09202,0.875294
0.997703,1.31351
1.04005,1.13757
1.11708,0.62629
0.970179,1.38605
1.09691,0.831612
1.11083,0.761387
0.995771,1.29423
0.966874,1.21771
1.00763,1.27471
1.02619,1.23812
1.09194,0.849047
1.00239,1.44689
1.08055,0.786284
1.06353,1.02559
0.937103,1.48729
1.06771,0.956122
1.1054,0.829227
1.07613,0.853875
1.09161,0.752068
1.03102,1.2351
1.1002,0.811597
1.0682,0.933755
1.12313,0.663516
1.08313,0.985935
1.14042,0.519101
1.11066,0.629846
1.08312,0.916442
0.983439,1.46593
1.05749,0.814532
1.17323,0.523619
1.0433,1.09134
1.14127,0.792364
1.01263,1.3059
1.15907,0.661004
1.09052,0.943988
1.05929,1.06531
1.0837,0.88011
1.12723,0.84463
1.08207,0.891285
1.10061,0.961307
1.03626,1.09247
1.19485,0.254819
1.12183,0.783213
1.03989,0.999923
1.03985,1.17386
0.94998,1.58656
1.10404,0.738217
1.11138,0.818921
1.08823,0.844377
1.0448,0.994564
1.1583,0.779681
1.01102,1.4832
1.03105,1.35298
1.0364,1.06392
1.03964,1.11746
1.11863,0.764684
0.994395,1.34302
0.994079,1.26379
0.952207,1.56306
1.04327,1.16195
1.08659,0.914297
1.05883,0.984888
1.08506,0.996994
1.14319,0.582074
1.09519,0.621171
1.0646,1.17531
1.02439,1.19374
1.10885,0.88338
1.00548,1.2776
1.08654,0.872413
1.02407,1.20875
1.0685,0.984406
1.02803,1.20464
1.06254,1.11193
1.11356,0.731951
1.02247,1.14636
1.01533,1.18864
1.02594,1.39818
0.977481,1.34577
1.0939,0.856249
1.10592,0.852615
1.14129,0.498767
1.1259,0.80159
1.02597,1.15791
1.01479,1.32198
1.05985,1.14435
1.06754,0.854677
1.14097,0.657837
1.06413,0.961907
1.12726,0.738297
1.12319,0.677016
1.06991,0.805683
1.07936,1.0013
0.984545,1.4472
1.13965,0.827341
1.08333,0.833793
1.12651,0.710443
0.951859,1.53823
0.958281,1.46189
1.00463,1.24484
1.05673,0.939656
1.04605,1.06209
1.10432,0.845101
0.958798,1.50469
1.00692,1.26182
1.07936,0.810369
1.09919,0.811077
1.19589,0.507503
1.05853,0.967672
1.13501,0.580707
1.08358,0.799364
1.06234,1.05329
1.07433,0.887118
1.06269,1.13404
1.04171,1.05264
1.08044,0.851757
1.09094,1.11735
1.04964,1.10685
1.10686,0.852891
1.0539,1.10889
0.984839,1.17466
1.11199,0.845024
1.01418,1.25671
1.02152,1.21398
1.09355,0.808179
1.08553,0.960782
0.985939,1.23519
1.05888,1.08574
1.09008,0.878613
1.14412,0.514593
1.03084,1.22676
1.03817,1.12569
1.05647,1.23502
1.13053,0.675894
1.10862,0.697893
1.15694,0.627371
0.975937,1.31694
1.01436,1.41421
1.04238,1.21404
1.08462,0.510953
0.97347,1.58688
1.02797,1.19842
1.10821,0.900802
1.10879,0.872308
1.10578,0.800387
1.04448,1.21366
1.08099,0.826968
0.953496,1.56751
1.08855,0.912767
1.01409,1.09408
0.989445,1.59835
1.0761,0.891007
1.05543,0.992847
1.14202,0.514606
1.09036,0.925701
1.0797,1.06003
1.03682,0.981826
1.0722,0.889085
1.02613,1.30992
1.02872,1.13005
1.01504,1.42573
1.08447,0.934255
1.04384,1.08065
1.13734,0.759478
1.07735,0.968749
1.04723,0.907294
1.04888,0.902146
1.04112,1.07535
1.04153,1.23662
1.04359,0.968624
1.04862,1.05848
1.11444,0.682875
1.03621,1.12441
1.03273,1.22343
1.08948,0.822493
1.01181,1.27361
1.0993,0.964237
0.976125,1.52518
1.0438,1.15875
1.07842,0.956929
1.07047,0.936486
1.02575,1.38543
1.0581,1.14614
1.0248,1.03264
1.11815,0.976447
0.975824,1.29409
1.10167,0.585513
1.03462,1.20763
1.04947,1.17554
1.01549,1.32926
1.06839,0.999465
1.06592,0.971458
1.0456,1.17714
1.11385,0.793578
1.11474,0.704561
1.04915,1.00714
1.07705,0.962644
1.02374,0.885225
1.03195,1.17286
1.16223,0.634343
1.10246,0.851894
1.09046,0.619469
1.06639,1.15969
1.04819,1.02576
1.12778,0.426637
0.980773,1.36535
1.08516,0.727726
1.06696,1.02126
1.04909,1.07624
1.08007,1.05031
1.08341,0.740864
1.05275,0.902682
1.1768,0.528892
1.10727,0.736993
1.02422,1.15312
1.09226,0.65939
1.05084,1.1268
1.08393,0.953216
0.989493,1.34749
1.12627,0.753002
1.10924,0.546978
1.10839,0.651115
1.03811,1.12986
1.07772,1.08862
1.10449,0.613571
1.05962,1.0699
1.0513,1.05612
1.05872,1.14305
1.02613,1.35662
1.11184,0.683294
1.09652,1.02445
1.14878,0.520622
1.05548,0.963574
1.01479,1.17271
1.12524,0.880902
1.02527,1.19664
1.05156,1.07172
1.18077,0.400573
1.04469,1.17816
1.0739,1.0508
1.12262,0.651353
0.955832,1.68309
1.02293,1.26274
1.10067,0.756201
1.07614,0.915821
1.20136,0.459587
1.01131,1.30976
1.07655,0.94418
1.02024,1.27361
1.15326,0.514864
1.08267,1.08276
1.09182,0.894079
1.09368,0.883905
1.06615,1.13443
1.21158,0.0946028
1.14845,0.62587
1.09236,0.722491
1.07681,0.886519
1.07957,0.77684
1.00068,1.35171
1.15585,0.496942
1.07294,0.975563
1.14593,0.75285
1.07964,0.870019
1.11079,0.823473
1.03225,0.957181
1.07752,0.998825
1.00332,1.10811
1.13712,0.700921
1.05153,1.01292
1.12244,0.744771
1.0559,1.13946
1.07338,1.0517
1.05897,1.07817
1.11175,0.735569
1.10647,0.74338
1.12771,0.579512
1.04848,1.1565
1.1507,0.510849
1.04579,0.931604
1.07787,0.850868
1.05685,1.05889
0.997898,1.25459
1.08545,0.616938
1.06381,0.990273
1.08661,0.827143
1.16252,0.723247
1.03114,1.2185
1.12688,0.520623
1.07258,0.858327
1.05823,1.03122
1.09752,0.596901
1.10351,0.888223
1.03942,1.12101
1.07455,0.82511
1.09526,0.83338
1.01858,1.2978
1.17108,0.468
1.10199,0.469503
0.977602,1.41922
1.04455,1.00446
1.12182,0.420161
1.08091,0.775416
1.16809,0.261373
1.19406,0.378456
1.18493,0.410713
1.04664,1.16062
1.11003,0.769239
1.20926,0.36486
0.99652,1.49817
1.05473,0.764021
1.10547,0.852409
1.04669,1.17163
1.03978,1.29766
1.04993,1.02891
1.04357,1.18245
1.09387,0.889183
1.01055,1.27215
1.03407,1.078
1.09903,0.766945
1.11045,0.910332
1.06367,1.18747
1.1297,0.680752
1.02999,1.22654
1.00842,1.29548
1.01906,1.3354
1.104,0.669466
1.12316,0.740611
1.0787,1.10102
1.02378,1.07019
0.988511,1.46746
1.17793,0.452745
1.11524,0.531603
1.04556,0.968891
1.02397,1.07462
1.1034,0.724005
1.06604,1.02292
1.06466,0.848234
1.11168,0.941284
1.13239,0.62437
1.05247,1.21966
1.12696,0.547186
1.06854,1.062
1.09776,0.821243
1.04304,1.0091
1.10099,0.856163
1.08309,1.02526
1.11905,0.489376
1.19671,0.276762
1.00449,1.39328
1.06456,1.09304
1.04894,1.21564
1.16889,0.305972
1.14265,0.622479
1.01498,1.31234
1.11099,0.705111
1.14013,0.32003
1.0464,1.11077
1.03876,1.30797
1.01155,1.37742
1.09061,0.724175
1.07089,1.03009
1.05246,1.02936
1.04336,1.12382
1.07876,0.878828
1.09325,0.992596
1.01485,1.14258
1.10947,0.916353
1.08476,0.727383
1.05852,1.29549
1.15618,0.500258
1.03583,1.25013
1.02278,1.11738
1.12056,0.798752
0.966729,1.53662
1.12107,0.878418
1.05748,0.923965
1.13108,0.655893
1.05127,1.00622
1.07217,0.936996
1.04913,0.932072
1.13345,0.673519
1.05054,1.15142
1.15202,0.409971
1.18794,0.544338
1.10175,0.805567
1.08764,0.936918
1.01697,1.29045
0.924824,1.64439
0.974529,1.4828
1.12047,0.779667
1.11803,0.769802
1.02227,1.26449
1.14685,0.621037
1.08976,0.865957
1.10943,0.872589
1.13466,0.767523
1.08676,0.853141
1.10831,0.557838
1.11721,0.746158
1.08164,0.961169
1.1542,0.680604
1.13216,0.797939
1.09771,0.876613
1.12167,0.780905
1.04027,1.1028
0.99794,1.4305
1.03092,1.28537
1.02051,1.16769
1.01542,1.25582
1.02053,1.31526
1.09165,0.837832
1.00582,1.38324
0.998997,1.25666
1.07261,1.09691
0.963981,1.34866
1.01094,1.17225
1.0319,1.20552
1.08374,0.763942
1.16023,0.336862
1.04041,1.08571
1.08117,0.886649
1.01815,1.30501
1.13262,0.690902
0.987122,1.66398
1.15347,0.746389
1.06567,0.934963
1.23176,0.278784
1.11463,0.821713
1.01759,1.23324
1.04928,1.11951
1.08202,0.934313
1.05053,0.889788
1.02611,1.42696
1.07397,1.09468
1.08109,1.05841
1.00501,1.37129
1.03696,1.28953
1.15182,0.603404
1.06769,0.969909
0.988009,1.41867
1.05328,1.0032
1.11995,0.554551
1.08664,0.84717
0.970366,1.468
1.08854,0.740208
1.07224,0.85062
1.03564,1.15124
1.15143,0.781429
1.09464,0.774021
1.03548,1.03617
1.07832,0.926838
1.23982,0.112501
1.13666,0.647719
0.934075,1.61329
1.12337,0.800635
1.12073,0.672386
1.0272,1.20187
1.06119,0.93868
0.986286,1.42751
1.1524,0.579096
0.952199,1.50509
1.00317,1.32009
1.10275,0.78166
1.11668,0.80494
0.992585,1.31527
1.09088,0.922898
1.0249,1.0654
1.12115,0.885613
1.11365,0.8267
1.07232,0.903731
1.07268,0.9149
1.06568,0.934581
1.02988,1.09049
0.978144,1.62989
0.973452,1.21637
1.00946,1.35078
1.09509,0.758923
1.04536,1.06295
1.06653,1.10773
0.99845,1.42171
1.03881,1.08215
1.09337,0.882483
1.14232,0.739828
1.09404,0.817903
1.04938,1.01922
1.04614,1.01921
0.994637,1.39184
1.14451,0.668814
1.11193,0.920584
1.1462,0.696944
1.05472,1.0065
1.13403,0.620644
1.0362,1.07324
1.06418,1.01903
0.963014,1.42142
1.0159,1.19768
1.07653,0.993347
1.03849,1.00523
1.06831,1.00171
1.10481,0.738262
1.12407,0.799077
1.10216,1.04494
1.13723,0.398588
1.08008,0.755076
1.07888,0.728388
1.03638,1.17693
1.07874,0.921092
1.06503,0.987387
1.04293,1.23935
1.06334,1.04512
0.985051,1.32408
1.06791,0.911869
1.09487,0.893126
0.970753,1.39431
1.06887,0.833229
1.11962,0.690011
1.07722,0.846775
1.01785,1.2538
1.00267,1.09507
1.0857,1.04623
1.18663,0.55169
1.05342,1.02182
1.05843,0.688251
1.10394,0.856193
1.00943,1.27543
1.0614,0.936095
1.05417,0.90348
1.02824,1.07696
1.07069,0.982544
1.00754,1.35875
1.07948,1.12871
1.08442,0.953768
1.11187,0.521257
1.0671,0.914512
1.01854,1.04215
1.14469,0.65698
1.12781,0.667663
1.13996,0.521151
1.02681,1.21844
0.977165,1.37507
1.05964,0.979019
1.03753,1.12471
1.08832,0.928895
1.04046,1.13706
1.08131,0.869217
1.12279,0.686061
1.04076,0.99872
0.993694,1.28155
1.11266,0.745976
1.00067,1.40847
1.01362,1.32156
1.10854,0.806592
1.09344,0.975001
1.07773,1.07537
1.03993,1.01668
1.15994,0.522569
1.1034,0.808828
1.13984,0.610756
1.14514,0.686127
1.14309,0.78712
1.05415,1.00123
1.0545,0.860941
1.1697,0.297568
1.03175,1.35924
1.14629,0.665189
1.04425,1.10151
1.09067,0.689679
1.1255,0.379013
1.0234,1.13801
1.1067,0.792215
1.13517,0.498058
1.01548,1.17199
1.04227,1.13309
1.02774,1.19301
1.16019,0.562006
1.09729,1.03064
1.20153,0.310418
1.08915,1.03738
1.0754,0.828786
1.02273,1.01427
1.18813,0.503045
1.11224,0.583349
1.07717,0.966765
1.06447,1.00311
1.03313,1.1274
0.993804,1.35458
0.976861,1.4196
1.15951,0.464502
1.08143,0.902
1.07437,1.07158
1.12639,0.750463
1.06852,0.956525
1.04516,1.1183
1.05017,1.09332
1.03159,1.10004
1.02071,1.22532
1.08824,0.744614
1.12578,0.755809
1.06894,0.901305
1.0492,1.1099
1.07824,0.832172
1.0791,0.915393
1.11494,0.710393
1.17009,0.45857
1.01724,1.18154
1.10444,0.663241
1.07272,0.709272
1.04148,1.06331
1.10587,0.849076
1.19121,0.459798
1.11348,0.984718
0.931136,1.77407
1.15926,0.585295
1.0843,0.969364
0.955146,1.62744
1.06012,1.27708
1.04016,1.16065
1.06513,0.853515
1.04758,1.06387
1.14685,0.398749
0.964834,1.42166
1.06994,0.861029
1.101,0.715828
1.06137,0.917599
1.01428,1.18797
1.07229,0.900334
1.11152,0.761407
1.08845,0.971165
1.07631,0.832732
1.09157,0.923977
1.07294,0.929649
1.08967,1.0808
1.03559,1.22598
1.09071,0.73884
1.16327,0.420216
0.940672,1.58978
1.13492,0.73732
1.0247,1.04122
0.980594,1.21674
1.12032,0.802557
1.12519,0.555386
1.04888,0.977147
1.12737,0.772182
1.06798,1.04376
1.02343,1.28196
1.03349,1.09334
1.072,0.89885
1.13336,0.721336
1.10297,0.908156
1.07378,0.948442
1.03435,1.0099
1.07126,1.11205
1.03706,1.07272
1.05089,1.13051
0.967903,1.3957
1.13814,0.761656
1.01761,1.19607
1.05857,0.83009
1.09196,0.932603
1.00233,1.43089
1.0473,1.20049
1.11339,0.87095
1.11056,0.647088
1.10815,0.911326
1.05978,0.895499
1.0744,0.933187
1.12797,0.81959
0.995505,1.58474
1.0466,1.19072
1.05129,0.999492
1.08433,0.910984
1.04903,1.04648
1.07369,0.782125
1.09839,0.807499
1.02601,1.17958
1.12394,0.566406
1.17154,0.497381
1.11884,0.552696
1.03741,1.19021
1.03506,1.22413
1.06065,1.00786
1.15756,0.464684
0.978943,1.4347
1.05081,1.1401
1.04824,1.155
1.12667,0.511652
1.0408,1.18299
1.10699,0.940404
1.09229,1.02842
1.13568,0.608185
1.13646,0.648856
1.07862,0.902757
1.16303,0.513745
1.04424,0.803954
1.06654,0.860825
1.02031,1.26953
1.04227,1.07139
1.06683,0.746498
1.07267,0.99166
1.00674,1.14555
1.01278,1.16377
1.0536,0.848833
1.03286,1.16637
1.02811,1.20289
1.07538,0.764749
1.04559,0.888929
1.08257,0.815622
1.13155,0.783301
1.0662,1.02969
1.0067,1.37519
1.03182,1.34756
1.08349,0.881274
1.06478,1.12818
1.16544,0.756185
1.12221,0.729899
1.1323,0.757782
1.06007,1.05512
1.03682,1.24505
1.14999,0.615202
1.08183,0.7586
1.02218,1.08888
1.00024,1.31036
1.04143,1.26245
1.03679,1.11582
1.03768,0.974819
1.04123,1.20968
1.02206,1.26407
1.14766,0.556847
1.0453,1.2146
0.955335,1.47213
1.02323,1.01161
1.01178,1.35725
1.02342,1.11966
1.05339,1.04362
1.07723,0.856589
1.08322,0.872623
1.02881,1.27564
1.02928,1.00014
1.02056,1.15367
0.928217,1.6287
1.1044,0.74828
1.08075,0.91714
1.16028,0.510361
1.00995,1.24939
0.92433,1.70728
1.10362,0.757331
1.13167,0.565224
1.08553,0.923707
1.04606,1.15692
1.06854,1.00886
1.00534,1.25147
1.05314,1.124
1.07258,1.05773
1.02204,1.12172
1.07027,1.07511
1.08808,0.878099
1.01429,1.23044
1.03037,1.17792
1.07537,0.868686
1.07661,0.974075
1.06118,0.978328
0.973614,1.58729
1.01675,1.40344
1.07013,0.951019
1.15059,0.496357
1.13955,0.586422
1.07029,0.967333
1.0459,1.12242
1.18459,0.497612
1.03244,1.00415
1.0533,0.909336
0.968229,1.51392
1.04007,1.1502
1.17212,0.497234
1.04114,0.919405
1.01635,1.16524
0.98013,1.38985
1.02209,1.20289
1.14292,0.451339
1.07223,0.891571
1.11311,0.77138
0.976491,1.31154
1.06802,0.930984
1.10074,0.743788
1.07708,0.997685
1.13622,0.74101
1.02474,1.0889
1.06953,0.975989
1.09326,0.88135
1.09911,0.871354
1.14096,0.574975
1.12386,0.693834
1.07839,0.939212
0.964055,1.61607
1.01344,1.31598
1.01648,1.20259
1.07148,1.06066
1.00671,1.30825
1.10199,0.827259
1.03396,1.12177
1.13345,0.612635
1.10346,0.843321
1.0684,0.868817
1.05964,1.14285
0.982034,1.46529
1.01908,1.21669
1.08647,0.954671
1.12999,0.792116
1.02747,1.05382
1.02691,1.08292
1.10618,0.947577
1.00081,1.38208
1.02567,1.03527
1.01853,1.19893
1.06599,0.930211
1.05476,1.06021
0.960816,1.41293
1.07228,0.89571
1.04383,1.06021
1.07977,0.857411
1.05356,0.931877
1.0686,1.0681
1.09478,0.721271
0.995721,1.30258
0.99747,1.40891
1.06282,1.07095
1.09439,0.912535
1.03693,1.16224
1.00028,1.30716
0.995433,1.55429
1.10417,0.610122
1.16324,0.51531
1.11603,0.972853
1.15122,0.628603
1.11742,0.700879
1.08055,1.04699
1.07076,1.03875
1.09108,0.809547
1.17838,0.452028
1.14066,0.659396
1.02356,1.22866
1.04103,1.02418
0.977515,1.28275
0.901303,1.79556
1.05653,1.02232
1.19602,0.350765
0.988412,1.4743
1.09814,0.928539
1.113,0.762984
1.13269,0.420963
1.12004,0.71949
1.05489,1.06971
1.08969,0.743801
0.952217,1.49642
1.08512,0.891044
0.994375,1.31624
1.1014,0.819547
1.06963,0.983873
1.11599,0.629206
1.16995,0.441843
1.15975,0.62225
1.01653,1.10866
1.08376,0.791009
1.08101,0.88315
0.983184,1.61204
1.08454,0.663997
1.18974,0.0670166
1.10148,0.679668
1.05848,0.737032
1.07122,0.955017
1.19385,0.292574
0.960062,1.37999
0.997107,1.27124
0.973172,1.38433
1.09408,0.878533
1.07843,0.952212
1.14375,0.473439
1.08282,1.03914
1.03274,1.19322
1.09337,1.08335
1.06973,1.15023
0.972542,1.34001
0.996833,1.31917
1.06843,0.955535
1.04579,1.10691
0.970179,1.33781
1.09881,0.892084
1.12052,0.881173
1.15956,0.621611
1.12904,0.68855
1.10671,0.634052
1.1144,0.841823
1.19036,0.351819
1.11472,0.883963
1.08756,0.977407
1.17927,0.398756
1.00869,1.22498
1.02833,0.866314
1.09957,0.769116
1.11068,0.719058
1.13744,0.543328
1.09579,0.570911
1.11938,0.436632
1.10039,0.763468
1.15387,0.617815
1.01043,1.3035
1.04681,1.00363
0.979448,1.52915
1.12561,0.537361
1.11035,0.805523
1.17673,0.408438
1.09729,0.846674
1.00065,1.25403
1.02023,1.12206
1.03379,1.10309
1.12947,0.612318
1.09462,0.73796
1.11625,0.84797
1.1663,0.39976
1.1815,0.418375
1.00011,1.22757
1.07308,0.958563
1.09195,0.923901
1.06853,1.03357
1.14928,0.642641
1.07983,0.898074
1.0899,0.927755
1.08293,0.966181
1.0217,1.13631
1.04007,1.02151
1.10857,0.886867
0.960016,1.39257
1.10948,0.836894
0.996974,1.21939
1.01159,1.42974
1.11351,0.800828
1.07214,0.89415
0.992219,1.39726
1.135,0.705621
1.02822,1.20034
1.09154,0.913537
1.06118,1.15706
1.03445,1.31937
1.0349,1.12522
1.05938,1.12544
1.10948,0.859509
1.00001,1.43248
1.11285,0.923122
1.1034,0.864062
1.0676,0.969652
1.04076,1.16982
1.1637,0.521924
1.11413,0.731477
1.1374,0.534972
1.01033,1.39419
1.0555,0.95632
1.05932,0.992014
1.07634,1.20681
1.03486,1.1604
1.12836,0.602106
1.0633,0.935017
0.975882,1.31479
1.03913,0.978489
0.873492,1.9563
1.10457,0.943287
1.03813,1.14096
0.998441,1.17607
1.06921,0.961735
1.13261,0.644656
1.16496,0.575337
1.10869,0.81099
1.08019,0.970294
0.985279,1.48493
0.987097,1.27495
0.978201,1.36484
1.10665,0.850685
1.09356,0.790809
1.0397,1.25083
1.12908,0.662356
1.0112,1.37637
1.18565,0.361773
1.07263,0.799154
1.16647,0.525139
1.07871,1.10151
1.15069,0.553652
1.16244,0.672472
1.0777,0.973825
1.04988,1.09568
1.11692,0.670622
1.00006,1.22327
1.01408,1.12924
1.14589,0.738363
1.09602,0.805742
1.10065,0.727441
1.03355,1.04037
1.02869,1.09577
1.01199,1.17644
0.93652,1.71232
1.09189,0.737456
1.00578,1.23912
1.04343,1.18005
1.05735,0.883617
1.02036,0.983326
1.06036,0.879397
1.04398,1.23824
1.07464,1.12953
0.948909,1.59317
1.0222,1.15603
1.12622,0.772473
1.04859,0.985626
1.07091,0.85468
1.01662,1.18176
1.04323,1.18851
1.14542,0.662594
1.0353,1.14356
1.11447,0.800865
1.08369,1.15939
1.16716,0.51706
1.03848,0.860727
1.17052,0.491719
1.13155,0.643539
1.00959,1.36409
1.13937,0.648696
1.01524,1.53837
1.024,1.21529
1.13573,0.699926
1.06861,0.89972
1.10695,0.750122
1.00881,1.37345
1.08623,0.954842
1.13645,0.56052
1.08277,0.894856
1.08465,0.890263
1.04946,0.978438
1.11174,0.822802
1.07237,0.860067
1.18641,0.420998
1.10095,0.6599
0.97202,1.39832
1.06102,0.859894
1.05685,1.11821
1.12945,0.727416
1.06131,1.21407
0.993524,1.25794
1.14045,0.714765
1.09477,0.681282
1.05628,1.00413
1.14007,0.901982
1.21757,0.379567
1.20852,0.330965
0.988179,1.28159
1.09832,0.875054
1.09739,1.11644
1.09433,0.802117
1.14533,0.715988
1.1992,0.480794
1.1476,0.430107
1.10215,0.879142
1.06301,1.0866
0.998252,1.26225
1.18398,0.423794
1.04834,1.18197
0.988196,1.40064
1.05937,0.988561
1.11847,0.892452
1.06534,1.20174
1.10199,0.786306
1.02466,1.00001
1.20197,0.405905
1.11594,0.758078
1.07646,0.9697
1.12457,0.69621
0.975484,1.47368
0.958908,1.45633
1.02545,1.26925
1.02116,1.20253
1.1067,0.92618
1.04542,1.16462
1.10601,0.796917
1.12466,0.678738
1.04713,1.21244
1.08808,0.934126
1.02678,1.23058
1.02376,1.17742
1.05707,1.10035
1.14485,0.592356
1.02731,1.10278
0.948077,1.59018
1.20673,0.389413
1.01698,1.37757
1.07728,0.925681
0.916492,1.68141
1.02593,1.18287
1.04159,1.09948
1.01146,1.47681
1.1575,0.566077
1.06556,1.13318
1.08435,0.867648
1.09426,0.790164
1.09412,1.01656
1.16818,0.716795
1.06126,0.878786
1.06187,1.31673
1.04371,0.977219
1.06129,0.901478
1.17482,0.314011
1.02436,1.12571
0.999127,1.26666
1.07909,1.17151
1.21337,0.213154
1.07245,0.916353
1.16073,0.463573
1.05956,0.810297
1.1459,0.593213
0.979135,1.37318
1.20752,0.327779
1.11933,0.772966
1.04187,1.01363
0.963026,1.25273
1.10688,0.738913
1.12927,0.771878
0.994316,1.32287
1.12383,0.765323
0.976872,1.45164
1.02503,1.24554
1.05214,1.07967
1.0406,1.16634
0.985943,1.41574
1.065,1.04813
1.06435,0.931318
1.0038,1.34498
1.0176,1.2363
1.00086,1.36673
1.01404,1.23719
1.01884,1.36633
1.09704,0.949975
1.15191,0.710623
1.144,0.491432
1.11164,0.776926
1.06524,1.02091
1.11361,0.795248
1.0258,1.23935
1.06738,0.973513
1.02021,1.1766
1.00348,1.3746
0.968489,1.5972
1.00079,1.24978
1.06915,1.15301
1.05682,1.08961
1.09916,0.781353
1.03644,1.04024
1.03077,0.983158
1.11459,0.777876
1.05272,1.15559
1.09997,0.929425
1.02193,1.08462
1.05144,1.12333
1.05154,0.964173
1.07427,0.936221
1.05521,1.03461
0.984007,1.38591
1.07908,1.13885
1.06693,1.10079
1.05006,1.09465
1.14647,0.6658
1.0616,1.08215
1.12723,0.576411
0.978958,1.33406
1.04112,0.951189
1.00277,1.36549
1.09653,1.02744
0.948062,1.65419
0.987836,1.30095
1.16738,0.564354
1.07841,0.799478
1.06702,0.929297
1.10596,0.543017
1.09418,0.956933
1.03367,1.07097
1.0716,0.955644
1.06259,0.9729
1.04501,1.07815
1.19383,0.327494
1.13663,0.547659
0.994948,1.23951
1.05145,1.05499
1.06114,0.950324
0.973311,1.34499
1.01791,1.10304
1.058,1.12736
1.08013,1.05096
1.12784,0.771332
1.03532,0.869733
1.09108,0.677137
1.17024,0.413055
1.22875,0.315457
0.995885,1.31392
1.0915,0.717114
1.07533,0.711283
1.05399,0.981748
1.0614,1.051
1.05132,1.10118
1.1084,0.961126
0.970898,1.64955
1.03599,1.15661
1.03203,1.11954
1.08184,0.984359
1.09145,0.895957
1.03987,1.13485
1.11212,0.543563
1.07371,0.86638
1.10845,0.82864
0.906738,1.9349
1.09035,0.953465
1.17573,0.41012
1.01858,1.31269
1.14261,0.510164
1.05649,0.961135
1.12973,0.764848
1.03461,1.07349
1.06944,0.932404
1.04947,1.05462
1.22952,0.104485
1.10695,0.739282
1.08306,0.828807
1.04236,1.17316
1.07116,0.970366
1.11504,0.646515
1.03068,1.22185
1.13034,0.639731
0.995926,1.22422
1.0908,0.734879
1.17297,0.41304
1.14792,0.62791
1.13146,0.805415
1.00636,1.33141
1.10702,0.943845
1.04426,1.12855
1.12836,0.682034
1.07709,0.907562
0.994126,1.18625
0.999061,1.28725
1.05212,0.923204
1.02824,1.25515
0.942761,1.46619
0.972884,1.4985
1.01171,1.25965
1.06176,0.997241
1.06698,0.632804
1.03249,1.11217
0.996117,1.34594
1.04744,0.929428
1.15221,0.533762
1.00084,1.40874
1.14894,0.686179
1.02915,1.16825
1.13368,0.790358
1.11835,0.958201
1.13425,0.457102
1.01417,1.34232
1.11825,0.736262
0.964297,1.48301
1.11154,0.854789
1.06565,1.03129
1.09042,0.942603
1.09964,0.615922
1.12707,0.816552
1.14687,0.529104
1.16949,0.585608
1.04968,1.10684
1.08786,0.904726
1.03931,1.01896
1.0934,0.905767
1.04751,0.730376
1.17365,0.766422
1.06872,0.993946
1.07548,0.819729
1.09774,0.911831
1.09886,0.827858
1.02839,1.1859
1.03405,1.16624
1.04214,1.24582
1.09076,0.950399
1.10948,0.765915
1.07932,0.772281
1.03667,0.829609
1.12607,0.590407
1.04749,1.03941
1.10998,0.812047
1.05672,1.09867
1.07762,0.757601
1.12955,0.639155
1.03292,1.24435
1.01544,1.35799
1.10357,0.757938
1.0717,1.01635
1.029,1.11953
1.06081,1.00521
1.04454,0.948781
1.06785,1.09481
1.0757,0.714309
1.05333,1.20668
1.03684,1.02111
1.06266,0.810747
1.14135,0.630091
1.10635,0.899957
1.03788,0.982619
1.13439,0.412609
1.07013,0.899321
1.20065,0.137739
1.09628,0.830894
0.96208,1.50264
1.04772,1.13178
1.09597,0.869773
1.03538,1.20719
1.0428,1.00861
1.05549,1.18411
1.15975,0.84026
1.11851,0.74844
1.01822,1.30152
1.11348,0.781141
1.0167,1.29303
1.02478,1.20949
0.937283,1.62446
1.03615,1.1407
1.03231,1.07936
1.14727,0.765752
1.0778,0.907992
1.08204,1.01871
1.11181,0.765207
1.0715,1.04854
1.08161,1.05066
1.10114,0.6723
1.13273,0.684437
1.06033,1.06009
1.11587,0.635392
1.10714,0.688722
1.05052,1.28527
1.12483,0.773177
1.12352,0.755217
1.0766,0.852908
1.00234,1.45849
0.937578,1.65845
1.08842,0.766601
1.09661,1.06034
1.01198,1.25511
1.1024,0.733438
1.02157,1.2991
1.11858,0.759551
1.09286,1.09687
1.13507,0.684193
1.12204,0.841394
1.01869,1.17085
1.16293,0.61446
1.12292,0.566613
1.10744,0.940648
1.06562,1.0119
0.968719,1.47359
1.10895,0.800808
1.08391,1.15283
1.08952,0.845801
0.868534,1.8794
1.08713,0.922246
1.03211,1.11261
0.99158,1.37905
1.06352,1.09957
1.01498,1.13283
1.0405,1.14005
1.06516,1.06177
1.10983,0.890697
0.970621,1.43725
1.07009,0.751336
1.0665,0.98355
1.01998,1.21025
1.11289,0.64711
1.07961,1.06831
1.06569,1.04536
1.1231,0.613788
1.08433,0.815659
1.06149,1.01204
1.12843,0.530889
1.12706,0.777674
1.02801,1.19586
0.933329,1.5481
1.10628,0.987219
1.07122,1.04499
1.11477,0.684607
1.18456,0.389653
1.08708,0.932188
1.08393,0.761989
1.10085,0.907836
1.02932,1.17888
1.12785,0.61745
1.07142,0.792925
1.21302,0.404966
0.998536,1.22045
1.1641,0.391265
1.03173,1.1657
1.04744,1.18559
0.970565,1.34313
0.99752,1.3256
1.18765,0.557258
1.05237,1.02428
1.00567,1.48897
1.06897,0.929944
1.10451,0.901641
1.14367,0.704008
1.07554,0.825915
1.11634,0.68666
1.06283,0.842092
1.06317,0.932876
1.17064,0.434129
1.11103,0.778827
0.951623,1.50249
1.01594,1.08447
1.09895,0.76905
1.07427,1.04693
1.01852,0.970849
1.1553,0.440342
1.07727,0.903447
1.19331,0.429814
1.07954,0.76908
1.17138,0.353537
1.04282,1.17717
1.09806,0.829676
1.02909,1.07998
1.07372,0.815824
1.02449,1.05961
1.12819,0.582411
1.01356,1.25796
1.04488,1.11106
1.00627,1.17418
1.16504,0.527806
1.06457,0.971813
1.08413,0.752055
1.1681,0.688116
1.01994,1.23807
1.1008,0.827815
1.07555,1.03937
1.05198,1.11948
1.09721,1.04042
1.02299,1.30772
1.068,1.0489
1.12516,0.756145
1.04813,1.00733
1.05586,1.02507
1.04737,0.985975
1.13142,0.759265
1.14392,0.570581
1.03973,1.28791
1.06781,0.982386
1.07246,0.846282
1.05884,1.08516
1.10224,0.698233
1.02986,1.16711
1.01097,1.13273
1.13013,0.71379
1.13826,0.591189
1.08731,0.83888
1.14828,0.637768
0.977527,1.36559
1.11084,0.910845
1.079,0.828299
0.956671,1.49419
1.1026,0.622575
1.07278,0.990527
1.02011,1.31957
1.13001,0.560337
1.00583,1.31128
1.1179,0.861871
1.17358,0.490018
1.02572,1.17542
1.06133,0.945889
1.00014,1.21193
1.0895,0.76135
1.13949,0.652679
0.979247,1.38223
1.0532,1.03439
1.04727,1.16661
0.968349,1.23205
1.17397,0.453141
1.12837,0.855011
1.09542,0.837366
1.09654,0.642825
1.07142,0.771585
1.08115,1.01265
1.15326,0.610158
0.99341,1.52548
1.01809,1.31072
1.0615,1.066
1.09014,0.970149
1.01613,1.19545
1.05136,1.04944
1.04628,1.06188
0.996066,1.4343
1.1831,0.424733
1.15439,0.601381
1.08161,0.822974
1.11453,1.08063
1.10996,0.678621
1.11015,0.837099
1.13571,0.510092
1.08817,0.906299
1.0537,1.03092
1.09183,0.686927
1.09377,0.806116
1.08487,0.813405
1.02007,1.36042
0.988903,1.32666
1.06474,1.03351
0.991526,1.52652
1.03159,1.15164
1.11032,0.971222
1.06615,0.96981
1.11677,0.638402
1.1148,0.717548
1.0644,1.15483
1.05697,1.21818
1.10254,1.01337
1.19448,0.380958
1.00107,1.28625
1.11971,0.704334
1.06882,1.00407
0.927648,1.7375
1.04111,1.05976
1.01819,1.08225
0.991436,1.18257
1.07688,0.974362
1.10185,0.942779
1.14258,0.629984
1.02924,1.24566
1.10518,0.476941
1.04514,0.973724
1.09259,0.981136
0.901419,1.93161
1.03609,0.997477
1.1162,0.683105
1.06435,0.862818
1.06217,0.821456
1.22062,0.0308212
0.995362,1.31842
0.996812,1.26641
1.07838,0.781792
1.04901,1.13626
1.16274,0.530264
1.02707,1.05382
1.07797,1.06683
1.03598,1.22601
1.1005,0.690626
1.16912,0.343805
1.02712,1.11297
1.08908,0.840102
1.08291,1.07591
1.04016,0.931998
1.1096,0.829031
1.05975,1.05334
1.04762,1.03279
1.1112,0.858759
1.03488,1.26563
1.07797,0.844455
1.00805,1.3978
1.02371,1.1002
1.10578,0.952488
1.06222,1.1487
1.03212,0.974167
0.990664,1.37253
1.09338,0.982685
1.10698,0.683329
1.07273,1.0128
1.07812,0.995432
0.97137,1.67277
1.07534,0.853835
1.01205,1.31744
1.10664,0.764229
1.06658,0.981977
1.10802,0.826679
1.11715,0.637585
1.07902,0.971736
0.971798,1.53544
1.05703,0.93776
1.06405,1.04859
1.06308,1.00542
1.07409,1.05847
1.1112,0.85715
1.09466,0.897189
1.09359,0.799655
1.04885,0.947289
1.12353,0.671495
1.01226,1.06831
1.05355,1.16497
1.0852,1.02722
1.13668,0.617971
0.93109,1.56447
1.14231,0.683687
1.12207,0.618832
1.09664,0.713029
1.01601,1.42007
1.0106,1.35415
1.07586,0.766609
0.995662,1.4463
1.04466,1.24695
1.04852,1.1893
1.06513,0.977324
1.14614,0.658737
1.06208,0.946514
1.07951,1.06141
1.19311,0.304436
1.0965,1.11399
1.01239,1.20274
1.00852,1.34551
1.08985,0.733464
0.998578,1.46173
1.04212,0.951064
1.17738,0.312888
1.0367,1.15678
0.942413,1.67177
1.18521,0.393699
1.11205,0.601644
1.16114,0.457692
1.00095,1.44715
1.0127,1.1869
1.06013,0.885417
1.01352,1.2897
1.12735,0.61465
1.19158,0.526935
1.0956,0.866016
1.08969,1.01156
1.16575,0.415838
1.05099,0.892767
1.04554,0.927596
1.07766,0.851268
0.977858,1.40817
1.04376,1.24197
1.03009,1.01494
1.12812,0.698409
1.15624,0.553841
1.14986,0.523585
1.17964,0.4566
1.06214,0.993105
1.04948,1.08942
1.146,0.579294
1.05015,1.19956
1.13916,0.705917
0.992114,1.52439
1.10433,0.816226
1.03817,1.0739
0.947343,1.36879
1.04241,1.21085
1.02936,1.42133
1.09118,0.723752
1.03182,1.2111
1.01135,1.37115
0.981142,1.18174
1.07871,0.865019
0.994172,1.44566
1.0671,0.943573
1.05382,1.00102
0.953719,1.5798
1.09545,0.914626
1.08461,1.09487
1.02468,1.23538
1.12278,0.516997
0.942961,1.44674
1.0021,1.35747
1.01791,1.51618
1.12994,0.779362
1.00417,1.40715
1.06808,1.13827
1.10102,0.87609
0.97161,1.54064
1.06913,0.976341
1.05073,1.07749
1.0962,0.704236
1.16611,0.773565
1.0072,1.17826
1.12717,0.69709
0.987163,1.40238
1.1786,0.567615
0.97438,1.36513
1.12323,0.56744
1.0212,1.17175
1.01389,1.34703
1.04686,1.11263
1.08582,0.85904
1.08918,0.919676
0.991186,1.26448
1.05035,1.13257
1.06525,0.828336
1.04784,1.0259
1.12151,0.612923
1.03054,1.0494
1.0042,1.26579
1.05123,1.26665
1.0773,1.10497
1.10953,0.614301
1.08815,0.944174
1.11717,0.824887
0.966396,1.43166
1.14622,0.620149
1.0845,1.00923
1.11623,0.599673
1.03318,1.31465
1.00647,1.43165
1.10724,0.74416
1.03713,1.23275
1.06431,1.12387
1.02345,1.4318
0.991224,1.59007
1.02344,1.18824
1.0703,0.703679
1.06494,1.06077
1.05915,0.995965
0.93231,1.66696
1.12711,0.646172
1.13422,0.784751
1.01495,1.30393
1.07783,0.963325
1.15683,0.48993
0.950959,1.36828
1.09093,0.663011
1.14289,0.689851
1.05809,1.02345
1.09608,0.813408
1.06219,0.986773
1.04171,1.05101
1.14168,0.611241
1.10549,0.823551
1.0567,0.963384
1.00826,1.19593
0.975203,1.44815
1.07829,0.894821
1.04535,1.20272
1.10422,0.880396
1.07012,0.985882
1.19596,0.393457
1.09863,0.907013
1.0276,1.00685
1.05959,1.00689
1.04573,1.04706
1.0516,1.08654
1.04677,0.995113
1.10522,0.921493
1.07456,0.778141
1.07503,0.91997
1.08085,1.05021
1.03038,1.12107
0.996605,1.12017
1.02816,1.24863
1.10268,0.656282
1.07482,0.948977
1.02821,1.1369
1.0319,1.17098
1.15943,0.395004
1.02693,1.26092
1.09048,1.06324
0.962064,1.56661
1.00279,1.06616
1.016,1.33562
1.06236,1.15551
1.02386,1.07545
0.974872,1.50061
1.05325,1.17722
1.23485,0.198251
1.10913,0.972222
1.03196,1.11432
1.1234,0.487674
1.03306,1.1061
1.14714,0.796292
1.10829,0.77169
1.15217,0.531834
1.04226,1.00753
1.01677,1.36291
1.06052,0.922559
1.01784,1.19417
1.06722,0.864923
1.02551,1.26519
1.10978,0.809478
1.11973,0.798436
1.02223,1.38013
1.00284,1.15205
1.04067,1.17561
0.974076,1.38369
1.02389,1.04432
0.968498,1.3801
1.03432,1.16027
1.00062,1.3409
1.12507,0.789984
1.12055,0.944309
1.05754,0.851171
1.06906,1.07581
1.14541,0.593883
1.10673,0.824069
1.05345,0.981953
1.00327,1.4117
1.10974,0.763136
1.04743,1.17932
1.15489,0.641805
1.1385,0.5985
1.10689,0.776257
1.14427,0.649728
1.08775,0.997283
1.12622,0.695601
1.10688,0.673961
0.979068,1.22997
1.14996,0.571635
1.04684,1.0455
1.14362,0.51263
1.11127,0.687016
0.968557,1.43159
1.04737,1.05732
1.13615,0.632316
1.00845,1.37881
1.1286,0.633623
1.058,1.04557
1.09497,0.80612
1.08288,0.92353
1.01629,1.22973
1.07808,0.960802
1.02494,1.00969
1.11552,0.786184
1.03053,1.10324
1.06132,1.07484
1.10214,1.04367
1.10987,0.848318
1.05236,1.13064
1.05171,1.13373
1.14444,0.524575
1.17263,0.64162
1.08473,0.846181
0.946268,1.34413
1.08175,1.00482
1.14347,0.723931
1.12459,0.746908
1.08195,0.88516
1.01836,1.23134
1.06779,1.00539
1.03549,1.12324
1.1047,0.854318
1.12396,0.630505
1.04082,0.940374
1.04804,0.869958
1.10586,0.694693
1.04276,1.02841
1.08839,0.973869
1.00218,1.43619
1.18533,0.310799
1.02891,1.46866
1.14306,0.48056
1.01173,1.24177
1.12439,0.807816
1.09069,0.969396
1.05578,1.09692
1.08667,1.03202
1.02693,1.27423
1.04409,1.00685
1.00303,1.35652
1.10486,0.735505
1.05762,1.01886
1.09898,0.883699
1.13506,0.766937
1.00202,1.42557
1.1427,0.53778
1.0778,1.08302
1.08783,0.835547
1.05549,1.27176
1.06136,1.08562
1.03659,1.07793
1.00989,1.31984
1.08627,0.665993
0.968428,1.21321
1.07225,0.938224
1.12151,0.614037
1.11242,0.789549
1.10192,0.995301
1.08713,0.865193
1.01432,1.3867
1.15323,0.537238
0.995837,1.36001
1.12399,0.771493
1.16373,0.511484
1.07188,0.927565
0.990673,1.45648
1.05112,1.20463
1.07697,0.929098
1.11268,0.748587
0.934175,1.49121
1.09611,0.950004
1.08561,1.09051
1.00085,1.16332
1.09644,0.793049
1.06667,1.19244
1.06295,1.11752
1.10214,0.762974
1.09798,0.761934
1.04907,1.14569
1.05698,1.05214
1.07486,0.985442
1.08342,0.978864
1.0403,0.971526
1.01677,1.24058
1.03434,1.15888
1.11433,0.751326
1.03739,1.13199
1.00846,1.27725
1.12563,0.720504
1.03325,1.15943
1.05136,0.77367
1.10002,0.765511
1.13595,0.587527
1.09247,0.693774
1.12392,0.763539
1.03094,1.271
1.00335,1.1193
1.13509,0.516354
1.07204,0.840859
1.05785,1.05985
1.0408,1.10655
1.12992,0.66014
1.04996,1.05371
1.02516,1.0782
1.08072,0.855368
1.09813,0.564902
0.975831,1.40654
1.04742,1.01927
1.07629,0.914403
1.09633,0.969333
1.03522,1.15905
1.0964,0.930035
1.0995,0.81457
1.1697,0.573713
1.03222,1.23505
1.16793,0.313095
1.01218,1.29213
1.05414,1.20391
1.07022,0.877746
1.0444,1.03551
1.12555,0.690898
1.07754,1.03924
1.0685,0.947942
1.02637,1.27061
1.05206,1.31677
1.05342,1.03907
1.04473,1.01153
1.07849,0.867965
1.11496,0.758617
1.0606,1.02096
1.15316,0.573692
1.04682,1.14065
1.08009,1.11524
1.09556,0.698343
1.10049,0.858116
1.00854,1.34159
1.05155,1.21798
1.01985,1.19469
1.07547,0.919352
1.04816,1.10967
1.05441,1.07559
1.0358,1.05232
1.11059,0.710257
1.09538,0.924019
1.04449,1.22067
1.14942,0.5797
1.0718,1.0298
1.15745,0.450239
0.988636,1.20757
1.04878,1.08087
1.03601,1.07991
1.0174,1.17518
1.10007,0.690575
1.10771,0.901655
1.05834,0.828522
1.03265,1.13644
1.12205,0.521288
1.02708,1.17611
1.0161,1.1305
1.07953,0.993671
1.01949,1.19986
1.05832,1.18138
1.13101,0.634518
1.09879,0.537442
1.05478,0.818233
1.15267,0.637799
0.981968,1.30457
1.05564,0.957224
1.04656,1.02829
1.10136,0.614298
0.974297,1.45547
1.14804,0.615205
1.07912,1.01105
1.01851,1.29499
1.06054,1.11431
0.936173,1.54769
1.11544,0.581415
1.04784,0.942778
1.06111,1.10059
1.18175,0.507972
1.03774,1.39246
1.01489,1.36532
0.95222,1.38393
1.03562,1.23974
1.08463,0.943701
1.0355,1.05034
1.0368,1.12509
1.0468,1.19846
1.00416,1.36205
0.987395,1.42943
1.08172,0.812321
1.09588,0.760215
1.09771,1.01981
0.991693,1.21747
1.11342,0.653752
0.955532,1.49128
1.07588,0.991077
1.0975,0.89493
1.00248,1.0652
0.986727,1.28333
1.02671,0.968405
1.07926,1.1003
1.05541,0.988361
1.12965,0.811633
1.10636,0.54834
1.048,1.01327
1.03663,0.954983
1.00147,1.28072
1.02088,1.26294
1.03625,1.03457
1.06934,0.894899
1.09954,0.868411
1.10481,0.975489
1.02677,1.28043
1.08675,0.91981
1.08718,0.977884
1.00678,1.1293
1.08542,0.810391
1.05582,1.00346
1.1375,0.469822
1.06916,1.02051
1.06586,1.03885
1.1223,0.732264
1.07672,0.874424
0.979327,1.30487
0.972737,1.59807
1.05707,1.12989
0.999567,0.99209
0.943615,1.67616
1.05443,1.1943
1.00861,1.33052
1.0008,1.39611
1.10776,0.698269
1.06457,0.951452
1.08449,0.668064
1.07023,0.834995
1.06753,1.21315
1.11718,0.629929
1.09282,0.649542
1.10384,0.880957
1.12851,0.725549
1.16529,0.627788
1.01895,1.25621
1.1004,0.835212
1.02055,1.09225
1.04701,0.92267
1.03676,0.915514
1.12614,0.754062
1.0837,1.00252
1.06038,1.04935
1.06489,1.09624
1.03634,1.05713
1.03385,1.21274
1.09749,0.832914
1.21599,0.259812
1.09322,0.862764
1.00727,1.4471
1.10126,0.82945
1.08226,0.823158
1.10664,0.830785
1.112,0.806734
1.09503,0.992916
1.02412,1.03712
1.10038,0.629195
1.06567,1.03468
1.0219,1.275
0.960074,1.42892
1.1639,0.51545
1.10615,0.644006
1.10298,0.795917
1.05932,0.868351
1.14848,0.614009
1.07011,0.81643
1.05363,1.25307
1.10523,0.67531
0.915041,1.49522
1.01174,1.38823
1.10687,0.833136
1.10947,0.948953
1.023,1.45472
0.977126,1.42809
0.97588,1.48396
1.06944,1.15263
1.1834,0.540537
0.951923,1.63154
1.16678,0.336756
0.985454,1.43997
1.04434,1.11391
1.07346,0.843592
0.976946,1.23189
1.12897,0.706383
1.05187,1.0382
1.01054,1.0965
1.05036,0.954085
1.00385,1.15005
0.96446,1.50327
1.08133,1.08536
1.07311,0.972176
0.986382,1.46007
1.10002,0.971104
0.887053,1.66865
1.04735,1.00018
1.16545,0.547448
1.05878,1.09409
0.992108,1.40482
1.18043,0.651849
1.07607,0.890079
1.13143,0.624139
1.05848,1.03298
1.097,1.03836
1.11116,0.736246
1.00201,1.40734
1.08436,1.06175
0.996674,1.39871
1.14085,0.956956
1.0003,1.24751
1.0647,0.927387
1.08982,0.845156
1.07053,1.0036
1.0877,0.950848
1.06237,0.892851
0.999803,1.34951
1.17286,0.361286
1.0185,1.12549
1.01552,1.25642
1.11068,0.792248
1.04875,1.19848
1.03387,1.19126
1.05106,0.827985
1.12958,0.633518
1.01142,1.16824
1.07305,0.953745
1.02868,1.09475
0.999237,1.50443
1.06879,1.07032
1.14154,0.647617
1.09665,0.87854
1.04842,1.02321
1.12099,0.760267
1.11269,0.829291
1.09861,0.699415
1.07915,1.00435
1.01652,1.20723
1.03576,1.0712
1.06231,0.963599
1.09904,0.936432
1.06495,1.08402
1.00607,1.27483
0.994809,1.49465
1.15389,0.61443
1.05984,1.15686
1.06583,0.934247
1.13346,0.742451
1.09491,1.01759
1.07514,0.872482
1.0761,0.84406
0.996939,1.26273
1.01752,1.15643
1.14501,0.620517
1.06877,0.892865
1.10222,0.64174
1.06269,1.07685
1.06564,1.00499
1.09495,0.926099
1.10509,0.636235
0.98711,1.21777
1.04509,1.08853
1.11307,0.894039
1.06933,0.821418
1.10305,0.775609
1.0265,1.2684
1.05136,1.00491
1.17244,0.474895
1.02509,1.26502
1.09563,0.933162
1.08611,0.976078
1.12577,0.490386
1.01759,1.27504
1.09528,0.791151
0.987503,1.31314
1.02442,1.08133
1.05624,1.24487
0.989976,1.42586
1.00633,1.37053
1.07803,0.920576
1.07052,1.01504
1.04536,1.20485
1.10134,0.744047
1.1298,0.581524
1.02491,1.10669
1.10233,0.756036
1.01215,1.32591
1.08252,0.843694
1.07937,0.874997
1.06508,1.15826
1.11262,0.727801
1.08283,0.8077
1.06587,1.01643
1.07216,0.795954
1.05811,1.04973
1.0923,0.901837
0.991465,1.37575
1.0152,1.34615
1.03096,0.954507
1.15775,0.56894
1.01147,1.23886
1.10101,1.03101
1.09984,0.854607
1.16033,0.50901
1.05221,0.837609
1.06906,1.0157
1.1453,0.653522
1.10155,0.755503
0.941236,1.6634
1.09432,0.780824
1.1021,0.869022
1.02866,1.16577
1.17755,0.382374
1.05575,0.845526
1.0881,0.894232
1.09966,0.716063
1.04918,1.12618
0.958279,1.44998
0.997463,1.22324
1.04768,1.12645
1.05162,1.15336
1.04607,1.1117
0.990791,1.26096
1.01014,1.33965
1.08212,0.647542
1.20789,0.242374
1.11829,0.65636
1.21507,0.227035
1.03665,0.905976
1.04217,1.19456
1.0498,1.15683
0.922126,1.72886
1.12219,0.67948
1.08501,0.994814
1.04362,1.13648
1.092,0.979732
1.00552,1.19997
1.10784,0.79896
1.04972,1.05565
1.14769,0.555674
1.02453,1.21569
1.05472,1.10303
1.15106,0.584344
1.04445,1.19352
1.0494,1.1245
1.04714,1.02676
1.00843,1.18852
0.999357,1.13688
1.12414,0.710528
1.04086,0.971332
1.02704,1.18216
1.11692,0.555732
1.05227,0.853651
1.07478,0.922983
1.06746,0.917196
1.07565,0.904352
0.950498,1.69894
1.17296,0.279658
1.04533,0.978476
1.09916,0.940305
1.22812,0.112807
1.04507,0.844552
1.01727,1.12588
1.03841,1.29704
0.991166,1.20832
1.06304,0.933927
1.06567,0.883422
0.944764,1.74999
1.15386,0.498788
1.05499,0.984642
1.09833,0.811001
1.04209,1.16695
1.04716,1.01738
1.12328,0.927255
1.15951,0.672143
1.09514,0.823011
1.14394,0.635009
1.07658,0.748404
1.13845,0.670557
1.03677,1.27856
1.10227,0.856075
0.993031,1.27226
1.08174,0.948114
1.08188,0.740667
1.10194,0.859033
1.11511,0.946443
1.1097,0.6024
1.075,0.850653
1.00803,1.15389
1.11627,0.816705
1.13247,0.664437
1.054,1.26585
1.06694,0.893151
1.07166,0.847345
1.14646,0.4756
0.944417,1.41762
1.08344,0.88629
1.16997,0.619724
1.10696,0.786712
1.11639,0.67874
1.06643,1.03093
1.09092,0.765247
1.02477,1.251
1.17331,0.495395
1.00922,1.24148
1.01772,1.28544
0.972982,1.45442
0.984719,1.22805
0.987074,1.44098
1.00242,1.20679
1.09655,0.688676
1.16862,0.458518
1.11163,0.623579
1.10795,0.722998
1.07701,0.97361
1.09575,0.865967
1.05872,1.14268
1.14443,0.384136
1.08699,0.934052
1.09341,1.00728
1.13253,0.610111
1.10162,0.840873
1.1246,0.684302
1.09648,0.782617
0.99309,1.22179
1.05763,1.19743
1.04212,1.23236
1.12893,0.669055
1.11748,0.865422
1.04429,0.985734
1.057,1.04696
0.962276,1.25653
1.05847,0.963151
1.08999,0.869514
1.05316,1.07265
1.06534,1.10124
1.11014,0.844419
1.13169,0.623133
1.06846,0.906788
0.987839,1.44099
1.07359,0.931069
1.04181,1.10752
1.0362,1.19101
1.06491,1.17792
1.06196,0.882544
1.04319,1.18071
1.08482,0.774959
1.03986,1.14705
1.03263,1.22541
1.08062,0.963692
1.07211,0.902205
1.05014,1.06784
1.0534,1.01847
0.985423,1.48108
1.01359,1.34701
1.15293,0.459087
1.11984,0.851192
1.0849,0.989341
1.06387,1.05388
1.0322,1.20712
1.00588,1.29858
1.101,0.882993
1.1225,0.88211
1.0896,0.864399
1.09981,0.753105
1.13759,0.598006
1.01833,1.05466
1.12638,0.663468
1.04141,1.03696
1.12068,0.749924
1.12417,0.362384
1.06812,0.99704
0.931566,1.64809
1.08834,0.823176
1.09979,0.718722
1.02619,1.26896
1.09018,0.782089
1.1825,0.555717
1.07874,0.902859
1.09835,0.877001
1.10222,0.639211
1.02103,1.33077
1.14913,0.285691
1.03475,1.18504
1.11744,0.884237
1.06263,1.04078
1.00584,1.02473
1.00572,1.39923
1.03063,1.05047
1.07274,0.771097
1.05309,0.924726
1.06142,1.07779
0.940831,1.51244
1.01384,1.29511
1.023,1.16184
1.09563,0.777052
1.15063,0.409428
1.03798,1.12401
1.1632,0.537327
1.0247,1.05043
1.03865,1.12488
0.987375,1.23885
1.04942,0.900047
1.0407,1.35859
1.20099,0.288013
0.987403,1.55154
0.992842,1.16891
1.08232,0.798223
1.03352,0.96443
1.05336,1.04534
1.0779,0.922369
0.93083,1.64824
0.952631,1.36058
1.10203,0.836635
1.12083,0.686301
1.01544,1.27827
1.12752,0.654205
1.15915,0.667899
1.04566,1.21742
0.988944,1.43833
1.01669,1.10783
1.03223,1.11738
1.00296,1.28128
1.17549,0.409832
1.13536,0.608219
1.08068,0.837023
1.10137,0.828454
0.993931,1.27572
1.03139,1.26161
1.12558,0.666673
1.10836,0.481201
1.07042,0.949048
1.12144,0.757463
1.06377,1.05149
1.06385,1.00124
1.04606,1.08432
1.0415,1.19458
1.00611,1.12059
1.14542,0.701471
1.11373,0.828992
0.965912,1.19692
1.11688,0.586145
1.1274,0.817935
1.04372,1.30386
1.11624,0.723077
1.06411,0.86157
1.04582,0.96913
1.12746,0.489962
1.05447,1.12057
1.08336,1.03697
1.04217,1.07811
1.02269,1.36997
1.16318,0.56493
1.05235,0.994759
1.10114,0.807932
1.05739,1.10113
1.09156,1.01834
1.09932,0.832818
1.11277,0.896132
1.0627,1.07289
1.03211,1.10138
1.07173,0.965292
1.16528,0.448954
1.02742,1.16633
1.14526,0.691459
1.03956,1.02716
0.940332,1.54526
1.08232,1.10174
1.06891,0.893891
1.18021,0.489887
1.0325,1.18667
1.09591,0.742274
1.07551,1.10136
1.06492,0.852433
0.986238,1.41553
1.13316,0.961831
1.07975,0.936968
1.07633,0.83579
1.05958,1.01916
1.16536,0.633237
1.09421,1.00963
1.10913,0.865966
1.14136,0.499853
1.13274,0.672991
1.04568,0.96153
1.00093,1.27036
1.03582,1.0341
1.0781,0.923828
1.06408,0.870291
1.04963,0.965899
1.04832,1.08968
1.12595,0.804118
1.11385,0.801221
1.08481,0.802966
1.00976,1.33103
1.00007,1.4708
1.05146,1.06331
1.08662,0.927632
1.07851,1.15932
1.03987,0.95466
1.07026,0.909634
1.06102,0.819785
1.08241,0.744627
1.02719,1.37963
1.05586,1.17913
1.07478,0.929992
1.05434,1.04881
1.07213,0.866272
1.09066,0.958342
1.00061,1.33396
1.03483,1.22429
1.10744,0.663172
1.02803,1.34445
1.05955,0.804536
1.03757,1.201
0.979683,1.37261
1.04061,1.04289
1.05881,1.10472
1.1596,0.692663
1.06437,0.997145
1.0623,1.05138
1.01335,1.18526
0.982563,1.49883
1.07122,1.01018
1.1671,0.46613
1.07864,0.966121
1.10499,0.924177
1.08925,0.826032
0.984793,1.43338
1.09222,0.894599
1.01916,1.37267
0.994981,1.40792
1.19355,0.445659
1.10382,0.748374
1.11449,0.827679
1.08871,0.834965
1.07577,1.00634
1.117,0.712013
1.03647,1.19419
1.14673,0.73193
1.03721,0.844634
1.11278,0.737847
1.12343,0.727139
1.02259,1.2156
1.04302,0.846675
1.07676,0.906564
1.02035,1.28841
1.0503,1.16619
1.05176,1.23404
1.00689,1.21332
0.997262,1.33534
1.12355,0.836029
1.00476,1.25052
1.05057,0.947932
1.00076,1.3235
0.987378,1.47184
1.09474,0.762806
1.14937,0.438064
1.06267,1.13565
1.04531,1.05134
0.983143,1.42475
1.0415,1.18795
1.12078,0.750007
1.05203,0.886971
1.08507,0.890113
1.03352,1.27822
1.06323,1.2096
1.03721,0.99122
1.05219,0.958642
1.04017,1.23962
1.12116,0.778284
1.10324,0.941379
1.04666,1.10989
1.12487,0.671741
1.10122,0.767076
1.04995,1.05524
1.15692,0.491736
1.04283,1.21418
1.00093,1.2486
1.06917,1.20124
1.06017,0.905042
1.12161,0.744007
1.0445,0.986743
1.06428,0.756086
1.10661,0.854662
1.07237,1.09079
1.10028,0.753688
1.14974,0.608445
1.15936,0.81046
1.09303,0.850167
1.04332,1.07792
0.991944,1.3465
1.03229,1.43399
1.07798,0.728591
0.913878,1.57547
1.07266,1.10018
1.08391,0.977366
0.999971,1.17947
1.05939,0.966848
0.926857,1.63482
1.02376,0.963495
1.07029,0.924068
1.15077,0.683492
1.13553,0.696269
1.09355,0.909723
1.05836,1.05064
1.16804,0.463217
1.04456,1.09054
0.990033,1.43244
1.05862,1.12113
1.08673,0.877318
1.18015,0.31174
1.07443,1.01749
1.16777,0.547069
1.14343,0.795454
1.04899,1.22962
0.981284,1.41692
1.0407,1.15245
1.0916,0.817062
1.05995,1.06595
1.06211,1.0096
1.09118,0.825043
1.0976,0.777464
1.02495,1.23796
1.09977,0.883694
1.07272,1.02092
1.05057,1.12922
1.07844,0.92115
1.09009,0.988869
1.05308,1.05573
1.05668,0.891812
1.01092,1.34487
1.08464,0.693246
1.07021,1.08127
0.969434,1.27652
1.05432,1.07157
1.05158,1.13516
1.06053,1.02195
1.12068,0.584341
1.01888,1.37385
1.0532,1.24603
1.01781,1.29959
1.10056,0.988387
1.05509,1.16943
1.11195,0.756218
1.0315,1.06235
1.02659,1.24291
1.18437,0.398971
1.02763,1.25263
1.02506,1.00525
1.07067,0.83041
1.07246,0.958431
1.02665,1.19127
1.13093,0.783572
1.13482,0.582766
1.0689,0.910143
1.04273,1.1396
1.10257,0.84673
1.16186,0.3198
1.0888,0.912914
1.01336,1.32099
1.00609,1.28463
0.968977,1.52213
1.10105,0.852404
1.06226,1.07985
1.09869,0.788027
1.05685,0.954624
1.03736,1.3019
1.1035,0.963386
1.04498,0.974215
0.890021,1.89982
1.077,1.05289
1.13766,0.56733
1.10936,0.711172
1.12361,0.498463
1.07435,1.0106
1.12243,0.820243
1.06163,1.17424
1.08793,0.828494
0.983562,1.2702
1.11638,0.486027
0.996387,1.06123
1.05138,1.10861
1.01015,1.25465
0.955317,1.28798
1.05498,0.993197
1.13497,0.70711
1.02111,1.10089
1.03145,0.943924
1.09612,0.717602
1.11283,0.665576
1.04152,1.03779
0.99837,1.3146
1.06302,1.01239
1.05989,1.03805
1.05786,1.12927
1.08474,0.750419
1.21877,0.274258
1.03245,1.14911
1.02619,1.4386
1.1165,0.815604
1.12867,0.741422
1.07669,1.07692
1.11236,0.668732
0.898885,1.77117
1.09002,0.747172
1.06083,0.969131
1.00718,1.14482
1.12476,0.576864
0.995675,1.31469
1.13779,0.588047
1.05591,1.01383
1.07653,1.07234
1.11994,0.738465
1.02829,1.19677
1.02437,1.1223
1.08163,0.757562
1.05082,1.00293
1.13,0.633632
0.995609,1.19962
1.01588,1.09845
1.14097,0.489407
1.03161,1.27446
1.10198,0.653083
1.03952,1.22547
1.04967,0.97283
1.09273,0.788432
1.04305,1.17793
1.01817,1.19145
1.04481,1.0229
1.02411,1.14212
1.08995,0.922665
1.08244,0.768994
1.12615,0.78133
1.12307,0.719824
1.0647,1.08769
1.12177,0.805385
1.05038,1.06223
1.11814,0.704943
1.04566,1.01262
1.11638,1.03098
1.00905,1.25279
1.11856,0.752547
1.0177,1.25689
0.991725,1.35546
1.09153,0.804474
1.09242,0.868677
1.03944,1.17709
1.1123,0.72224
1.07835,0.8975
1.09454,0.652419
1.04285,1.13117
1.0115,1.36095
1.05904,0.936061
1.00859,1.39179
1.11673,0.841102
1.02952,1.05408
1.04187,0.971288
1.08449,0.855888
1.18738,0.321364
1.09798,0.699422
1.09037,0.827359
1.07055,0.956249
1.12455,0.845644
1.0689,0.964156
1.05151,1.18379
1.09863,0.797192
1.08799,1.06858
1.16891,0.684103
1.03114,1.01478
1.15368,0.655336
1.08164,1.10327
1.01198,1.18603
1.09926,0.972642
1.04554,0.878423
1.13687,0.64971
1.00048,1.27637
1.12484,0.834902
1.08354,0.816631
1.07998,0.964261
1.11376,0.536446
1.0898,1.0108
1.14169,0.570136
0.987105,1.44727
0.965821,1.5167
1.04267,1.20894
1.00602,1.1999
0.999772,1.24659
1.00494,1.18679
0.996972,1.31731
0.995429,1.34484
1.06027,0.939193
1.0862,0.974037
1.21047,0.400571
1.0853,0.962764
1.08508,0.764868
1.05675,1.09016
1.06686,0.961352
1.08375,0.764578
1.01334,1.26169
1.12034,0.887241
1.06306,1.23666
1.10695,0.916639
1.10431,0.560272
1.02607,1.27589
1.12917,0.796729
1.0984,0.833455
1.10189,0.642704
1.0614,1.01211
1.06471,0.901849
1.09015,0.716574
1.13081,0.50901
1.10666,0.807654
1.11755,0.710197
1.06708,0.758054
1.10881,0.704722
1.02896,1.10342
1.03199,1.27459
1.04276,1.10552
1.07709,0.871978
1.11461,0.695015
1.01637,1.21944
1.04935,0.888272
1.11849,0.56084
1.06569,0.861693
1.14659,0.681791
0.912383,1.69834
1.11659,0.86955
1.0966,0.911552
1.05592,1.07265
1.05561,1.16412
0.979714,1.46319
1.18677,0.509265
1.06532,1.03851
1.04655,0.960898
1.06626,1.00906
1.04096,1.07574
1.10039,0.667009
1.06951,0.888963
0.992065,1.45726
1.0265,0.99622
1.0288,1.25587
1.04852,1.13918
0.993937,1.35024
1.15457,0.725376
1.07761,1.02924
1.11252,0.677417
1.03424,1.28959
1.0206,1.21584
1.10354,0.869513
1.09828,0.877033
1.03318,1.03868
1.15756,0.690008
1.03339,1.18412
1.04808,1.03661
1.05799,1.24919
1.04783,0.973145
1.12564,0.662023
1.13527,0.567628
1.02966,1.04859
1.07923,0.851556
1.05211,1.22424
1.09196,0.986803
1.04923,1.11906
0.98175,1.42309
1.02533,1.17856
1.0287,1.13595
0.995147,1.46587
1.105,0.744543
1.06744,0.900931
1.1008,0.611349
1.04719,1.00771
1.06195,0.975584
1.1412,0.458818
1.09192,0.771739
0.973718,1.71137
1.13034,0.694605
1.09848,0.621667
1.06861,0.848784
1.08967,0.719762
1.19997,0.206073
1.07501,0.865768
1.03269,1.2464
1.0781,1.02334
1.13073,0.705441
1.13203,0.747493
0.991851,1.32721
1.0587,0.828635
1.08483,0.863575
0.999444,1.4833
1.08379,0.905884
1.05524,1.15283
1.00156,1.27664
1.09424,0.836474
1.20468,0.294092
0.998269,1.5015
1.02249,1.36546
1.06334,1.11317
1.04971,1.02999
1.12471,0.740435
1.05254,1.0308
1.04746,1.0521
1.06919,0.918071
1.11199,0.679574
1.10615,0.597291
0.979764,1.4417
1.11135,0.877182
1.10121,0.697425
1.15657,0.550612
0.994364,1.3208
1.10461,0.977736
1.10849,0.754582
1.10067,0.889363
1.09063,0.846893
1.09024,0.720574
1.18512,0.504457
1.11426,0.610638
1.08096,0.998962
1.03993,1.11489
1.11098,0.66291
1.06777,0.911902
1.07897,0.940305
1.13165,0.620985
1.19314,0.187973
1.0483,1.18677
1.025,1.05291
1.01637,1.09829
1.04313,1.14226
1.08734,0.912259
1.13531,0.63542
1.14756,0.541914
1.16468,0.640189
1.03432,1.02888
1.04818,1.17267
1.07473,0.857242
1.05253,1.05006
1.16972,0.52718
1.04342,0.951428
1.08693,1.03508
1.06233,1.0134
1.15126,0.365729
1.10616,0.617177
1.01701,1.15667
1.1224,0.563016
1.10623,0.927842
1.12244,0.736829
1.08977,1.00911
0.997087,1.18412
1.06138,1.17824
1.08201,0.834017
1.12185,0.681483
1.12206,0.519068
1.04418,1.12985
0.984896,1.27477
1.07222,1.05063
0.995265,1.19611
1.05655,1.05282
1.0726,0.963086
1.09103,1.006
1.12438,0.630004
1.04558,0.982
1.01624,1.12517
1.16765,0.339123
1.0895,0.862403
1.13994,0.526324
1.03196,1.21936
1.08776,0.838546
1.07165,1.00047
1.11047,0.91797
1.16008,0.503217
0.950581,1.5841
1.02754,1.25052
1.07362,1.04587
1.06324,1.0549
1.05643,1.18244
1.1204,0.81113
1.01889,1.05571
1.18846,0.372025
1.01407,1.17013
1.04052,1.21969
1.01441,1.10348
1.04003,1.23501
1.00565,1.47674
1.03171,1.0576
1.04606,1.32006
1.13914,0.444063
1.13554,0.595554
0.943986,1.55156
1.08668,0.786737
0.985818,1.4604
0.903792,2.01915
1.09508,0.890175
1.01879,1.20143
1.01507,1.23577
1.12296,0.779053
1.18694,0.325255
1.08724,0.928651
1.06526,1.14019
1.08978,1.1347
1.13829,0.875343
1.09708,0.862974
1.09587,0.765791
1.13371,0.613632
1.04126,1.12951
1.10037,0.845128
0.990905,1.28679
1.06954,0.840729
1.09579,0.866123
1.05594,1.01433
1.04769,1.21319
1.11167,0.635218
1.04477,1.07404
1.06698,0.858806
1.07364,1.07281
1.11572,0.769711
1.09121,0.817058
1.14715,0.558276
1.07379,0.789704
1.09083,0.827983
1.11306,0.703025
1.0552,0.997234
1.16416,0.616283
1.02626,1.14272
1.10389,0.835565
1.12217,0.939302
1.04505,1.15527
0.996352,1.33503
1.10685,0.906051
1.14706,0.574787
1.06393,1.15713
1.0482,1.17063
1.11495,0.830331
1.06199,1.0124
1.05759,1.00617
0.998888,1.31969
1.11701,0.911138
1.10895,0.782318
1.09239,0.898337
1.02726,1.17972
1.05231,0.99703
1.00649,1.16654
1.09229,0.826024
1.14898,0.636525
1.08963,0.67166
1.0143,1.21623
1.05371,0.998897
1.13092,0.660605
1.1474,0.69383
1.04288,1.12085
1.07825,1.00364
1.14737,0.648178
1.10121,1.1124
0.932769,1.72398
1.19832,0.437766
1.11167,0.786767
1.10552,0.729345
0.928604,1.72738
1.10263,0.863687
1.04773,0.894463
1.09079,0.706023
1.02229,1.2622
1.14117,0.468687
1.07825,0.884689
1.02209,1.21213
1.08236,0.948168
0.983375,1.35687
0.943156,1.60331
1.09342,0.916253
1.14966,0.512606
1.04425,1.09974
1.10824,0.886735
1.08826,0.938717
1.13075,0.600477
1.12234,0.680647
1.08887,0.915765
1.13582,0.652561
1.02275,1.06787
1.12612,0.412879
1.03994,1.21428
1.03395,1.18922
1.11673,0.59645
0.971763,1.27888
0.988837,1.46886
1.06945,0.987639
1.14464,0.647777
0.999907,1.33019
1.02011,1.11044
1.06977,0.85271
1.15715,0.559704
1.08874,0.761109
1.14401,0.654237
1.1082,0.780096
1.03107,1.27719
1.00545,1.32996
1.14264,0.450279
1.0814,1.02015
1.07255,1.04278
1.07947,0.763198
1.07404,0.846614
1.05343,0.998264
1.10656,0.727144
1.17317,0.519536
1.01034,1.40258
1.1373,0.596587
0.994726,1.4129
1.1284,0.719269
1.13358,0.71317
1.06922,1.10372
1.05449,0.915331
1.05338,0.86233
1.02796,1.24201
1.16465,0.519698
1.04246,1.06734
1.08326,1.05751
1.03626,1.04792
1.1566,0.491681
1.02153,1.2176
1.06542,0.99317
1.05745,1.10597
1.0628,0.987439
1.10804,0.857198
1.16868,0.412422
1.04026,1.17271
1.05611,1.21874
1.15917,0.378333
0.974123,1.4271
1.08344,0.839163
0.999046,1.2082
1.03747,0.932649
1.12451,0.706812
1.12228,0.694491
1.10069,0.757485
0.998887,1.3272
1.05777,1.13126
1.10642,0.821628
1.07344,0.891232
1.1356,0.559754
1.16772,0.593874
1.04401,1.23634
1.0914,0.56355
1.10874,0.913949
1.01445,1.30127
1.07842,0.944086
0.923548,1.76071
1.08064,1.17359
1.05562,0.894942
0.970361,1.27104
1.08582,0.825727
1.10593,0.591027
1.06822,1.11922
1.05481,1.03043
1.07068,0.994961
1.04235,1.01271
0.974597,1.32219
1.08654,0.874161
1.0059,1.34546
1.10751,0.685089
1.16357,0.453984
1.14513,0.667387
1.10547,0.85885
1.0958,0.925669
1.09683,1.04993
1.0856,0.962018
1.02258,1.33503
1.01605,1.28832
1.09331,0.956902
1.11983,0.719655
1.04502,1.05817
1.12917,0.616982
1.10638,0.732939
1.06407,0.779135
1.10171,0.780689
1.04744,1.10896
1.0237,1.19908
0.985421,1.33983
1.08751,0.98011
1.07334,0.945462
1.03727,1.14954
0.996885,1.19284
1.03993,1.1177
1.16007,0.544812
1.03279,1.16806
1.10188,1.0006
1.06389,1.06633
1.04338,1.03917
1.02428,1.09309
1.06782,0.970373
1.0282,1.34285
1.00376,1.2499
1.05256,1.25412
1.13222,0.612948
1.18682,0.390376
1.07946,0.783871
1.05203,1.22704
1.06063,1.03156
1.08236,0.675916
1.07235,0.984009
1.05008,0.944977
1.1128,0.700344
1.0755,0.893064
0.934353,1.46736
1.08006,0.77329
1.09463,0.890725
1.12443,0.813553
1.07828,0.932431
1.01986,1.17461
1.06161,1.00265
1.0334,1.09174
1.00991,1.22802
1.07403,0.88615
1.06747,0.905572
0.976722,1.31995
1.0925,0.890611
1.06971,0.677194
1.17759,0.284782
1.03927,1.13462
1.01892,1.17959
1.11127,0.832383
1.0334,1.03418
1.07453,0.942549
0.955252,1.47474
1.06806,1.04428
1.1011,0.97046
1.06311,0.836954
1.00526,1.07233
1.1213,0.724342
1.02752,1.10474
1.06936,0.950932
1.07615,1.13667
1.01058,1.31819
1.05637,1.1752
1.02949,1.13355
1.07565,1.00978
1.13395,0.598674
1.14546,0.346058
1.09546,0.924904
1.04202,1.04183
1.06248,0.895812
1.00596,1.2526
1.04467,1.15751
1.01191,1.1189
1.08881,1.13287
0.991004,1.14166
1.02845,1.16987
1.09942,0.763257
1.02282,0.99971
0.898931,1.76452
1.10896,0.855172
1.07319,0.910643
1.08176,0.829791
1.0078,1.42946
1.08511,0.77621
1.09807,0.799004
1.10369,0.984204
1.0475,0.965678
1.01925,1.26758
1.27553,-0.0546819
1.09244,0.847211
1.12291,0.756959
1.07211,0.974547
1.20359,0.355885
0.969754,1.28367
1.07035,1.10402
1.08609,0.940348
1.04964,1.05174
1.02623,1.09383
1.05751,1.00898
1.06922,0.962681
1.05827,1.04918
1.15052,0.706627
1.1481,0.621439
1.11618,0.808209
1.11485,0.607066
1.11362,0.778764
1.10675,0.690482
1.08784,0.623587
1.03733,1.14372
1.02834,1.136
1.0505,1.15261
1.08685,1.04415
0.993908,1.2582
1.09135,0.687664
0.99094,1.33153
1.07424,0.911716
1.10424,1.01355
1.12154,0.678205
1.05189,1.18183
1.02167,1.23597
1.04727,0.976517
1.05441,1.22603
0.967274,1.50155
1.05521,1.16887
1.0341,1.00904
1.02616,1.37748
1.08643,0.928957
1.11196,0.675972
1.07301,0.977947
0.967162,1.61626
1.03187,1.0893
1.12784,0.705179
1.05395,0.941456
1.11463,0.680485
1.02509,1.08145
1.05037,1.04831
1.06651,1.07548
0.966557,1.53695
1.03549,0.997125
1.10197,0.572685
1.08123,0.839307
1.05848,1.01759
1.11317,0.696403
0.98084,1.5256
1.01816,1.0853
1.04753,0.965357
1.09629,0.864041
1.05477,1.03819
0.992012,1.29846
1.02904,1.38865
1.13294,0.693216
1.04075,1.16296
1.18766,0.458347
1.09357,0.864023
1.06031,1.14581
0.972298,1.59316
1.07829,0.749359
1.13043,0.643305
0.962945,1.52325
1.0619,0.93432
1.10502,0.819059
1.09164,1.00584
1.00425,1.18989
1.04717,1.05984
1.04672,1.02581
1.1249,0.560707
1.12835,0.772711
1.03916,0.972596
1.15625,0.63817
1.08191,0.957854
1.02878,1.38567
1.062,1.19624
1.00768,1.19149
1.11782,0.794809
0.993958,1.21052
1.16664,0.429075
1.1146,0.851617
1.07512,0.98524
1.05262,1.13484
1.08878,0.778073
1.04799,1.48769
0.985354,1.4339
1.01013,1.42701
1.07421,1.05235
1.06951,0.847306
1.15429,0.685734
1.10592,0.673321
1.02549,1.11601
1.10026,0.728995
1.08696,0.912229
1.05468,1.23392
0.977126,1.37924
1.04403,1.2335
1.00974,1.18465
1.11235,0.803634
1.08973,0.987476
1.00795,1.18544
0.988468,1.53817
1.20123,0.148157
1.06687,0.970068
1.08386,0.954503
1.0531,1.23634
1.05986,1.03615
1.06826,1.08975
1.07344,0.96241
1.06642,0.606301
1.13006,0.732379
1.01735,1.15304
1.14391,0.603455
1.05728,1.10947
1.04704,1.07506
1.11091,0.645344
1.02622,1.22763
1.01404,1.30033
1.02242,1.1183
0.991217,1.31333
1.0815,0.824741
1.09911,0.627249
1.04545,1.29129
1.11282,0.734476
1.11095,0.801382
1.0616,1.24597
1.14365,0.612363
1.0352,1.08394
1.02724,1.10395
1.08201,0.986349
1.07497,1.11806
1.09142,0.701355
1.17572,0.366231
1.04755,1.05014
1.1697,0.709734
1.09006,1.10601
1.08824,0.991659
1.17839,0.485125
1.00824,1.3045
1.10313,0.83235
1.09411,0.95762
1.0261,0.925263
1.0883,0.787488
1.16333,0.844792
1.04177,1.29475
0.993471,1.27959
1.08192,0.838734
1.0979,0.733109
1.06936,1.05608
1.01446,1.35244
1.12317,0.746182
1.15982,0.418167
1.05815,0.680913
1.11683,0.593999
1.0317,1.27344
1.00815,1.25786
1.01418,1.24891
1.00441,1.29014
1.09575,0.750209
1.02062,1.06602
1.03838,1.0606
0.997914,1.27747
1.07733,1.08427
1.06457,1.01789
1.1523,0.591965
1.21865,0.27307
1.16349,0.460658
1.05567,1.14944
1.10923,0.711287
1.04577,1.0063
1.12209,0.726109
1.11756,0.751529
1.0418,1.06128
1.10518,0.948254
1.01704,1.35295
0.985244,1.34572
1.04383,1.27938
1.10904,0.874515
0.943307,1.60016
0.990507,1.17955
1.02727,1.13815
1.15174,0.595491
1.13674,0.354421
1.19359,0.402255
1.14655,0.517221
1.08983,0.839925
1.13033,0.67492
1.1425,0.510461
1.05838,1.0352
1.16545,0.427432
1.075,0.756092
1.0383,1.1871
1.1705,0.619948
1.00133,1.21643
1.00557,1.34516
1.14532,0.657477
1.02467,1.2579
1.14049,0.658841
1.1,0.532154
1.09129,0.842796
0.977585,1.4618
1.10481,1.04316
0.970588,1.47015
0.99057,1.1008
1.10606,0.733021
0.969433,1.4658
1.11107,0.744097
1.00183,1.28615
1.01009,1.28097
0.981757,1.45428
1.02246,1.19917
1.08154,0.835565
1.01977,1.14594
1.06305,1.05353
1.18968,0.448229
1.11915,0.623641
1.08878,0.868887
1.13185,0.583628
1.14166,0.472321
1.00839,1.31446
1.0997,0.846677
0.992671,1.45092
1.12194,0.777925
1.0436,1.03789
1.03136,1.12967
1.00619,1.16831
1.0431,0.862018
1.01429,1.22574
1.17708,0.165265
1.04223,1.11599
1.12257,0.777252
1.03303,1.01869
1.0583,0.89813
1.04071,0.928708
1.08678,1.00014
1.172,0.546176
1.04887,0.93495
1.07643,0.85273
1.02336,1.2498
1.04643,0.972347
1.09521,0.858512
1.07388,1.08696
1.05528,1.00521
0.994853,1.34512
1.11045,0.679324
1.14591,0.452865
1.15325,0.444098
1.0637,1.16674
1.09534,1.02056
1.05706,1.16938
1.10555,0.835473
1.12685,0.770996
0.899662,1.86705
1.03567,0.978699
1.03591,1.10772
1.00741,1.27294
1.14958,0.525752
1.07787,0.919497
1.04485,0.940313
1.10079,0.742271
1.05924,1.07453
1.12242,0.742849
1.06217,0.985459
1.0481,1.20018
1.07234,0.919431
1.086,0.71714
1.0903,0.916453
1.08407,0.717108
1.15982,0.662501
1.07656,0.944981
1.06813,0.993969
1.12741,0.555151
1.01228,1.29786
1.08983,0.732421
1.00897,1.32745
1.10191,1.01316
1.03881,1.00389
1.10075,0.920592
1.04238,1.085
1.06067,1.07584
1.03191,1.22665
1.0825,0.764745
1.10038,0.771588
1.11025,0.890281
0.962857,1.69058
1.12699,0.64722
1.12812,0.713448
1.15333,0.612539
1.08467,1.01756
1.08939,0.791881
1.09784,0.894669
1.06243,1.1123
0.979451,1.49628
1.15927,0.564593
1.08748,0.880444
1.05912,0.959768
1.05312,1.09875
1.1587,0.48672
1.04351,1.1149
1.01102,1.33524
1.13662,0.519171
1.09475,0.96227
1.04311,1.0418
1.05729,1.0431
1.07913,0.887739
1.03914,1.1099
1.1314,0.605759
1.0297,1.19883
1.04251,0.994692
1.02265,1.25205
1.05539,0.869189
1.07629,0.971596
1.1293,0.363939
1.08605,1.10938
1.10226,0.947583
1.18276,0.453429
1.07145,1.00797
1.05,1.14076
1.11997,0.718511
1.11488,0.746635
0.992381,1.1366
0.993818,1.27063
1.02045,1.01419
1.05601,0.990616
1.04825,1.00187
1.00275,1.34943
1.05452,0.984383
1.107,0.820454
1.12756,0.863391
1.03522,1.11362
1.01827,1.05655
1.08788,0.81484
1.13056,0.687948
1.1584,0.548373
1.06431,0.965542
1.06961,0.887031
1.05358,0.964672
1.12432,0.611215
1.13266,0.598084
1.12315,0.620064
1.01205,1.33794
1.06939,0.953684
1.12197,0.647626
1.11149,0.674684
1.13027,0.680168
1.02001,1.17282
1.11631,0.769275
1.13422,0.711547
1.06777,0.931956
1.00871,1.24723
1.01221,1.44823
0.942768,1.64957
1.07755,1.10457
1.12885,0.686385
1.03366,1.03993
1.11162,0.770414
1.09506,0.932593
1.1166,0.902632
1.05458,1.07954
1.01035,1.08367
1.07422,0.824966
1.01944,1.31058
1.12035,0.698989
1.03522,1.21471
1.05866,0.616083
1.03859,1.2056
1.04572,1.01822
1.01253,1.49685
1.04354,1.13496
1.06298,1.14321
1.13792,0.734645
1.10517,0.88132
1.15632,0.455194
1.16372,0.613267
1.04161,1.1222
0.915295,1.60465
1.05938,0.986604
1.02375,1.26236
1.09059,0.703669
1.02113,1.20291
1.00682,1.26567
1.03844,1.25994
1.07698,1.01085
1.09511,0.862435
1.01847,1.0562
1.03744,1.12105
1.08091,0.804282
1.12788,0.66188
1.18943,0.533852
1.17477,0.301089
1.02333,1.16084
1.11239,0.798585
1.18708,0.328873
1.00914,1.14415
0.948826,1.43997
1.09686,0.604366
1.04496,1.00629
1.02781,1.29774
1.09545,0.878126
1.0381,1.00602
1.09543,0.838236
1.08915,0.820529
1.03941,1.01551
1.08431,1.1287
0.990916,1.3954
1.12328,0.543938
1.01902,1.34859
1.06552,1.02618
1.03957,1.18572
1.21473,0.213266
1.03347,1.26633
1.1437,0.774787
1.05097,0.899805
1.07884,0.814741
1.09436,0.781439
0.965783,1.39082
1.05672,1.11045
1.09647,0.902165
1.04162,1.10703
1.07833,0.995192
0.949108,1.51927
1.03233,1.00827
1.03951,1.03222
1.02257,1.21508
1.04242,0.883595
1.13095,0.696434
1.06887,0.910201
1.09824,0.922946
1.05658,1.04947
1.07291,1.09597
1.18501,0.611837
1.02075,1.29559
1.03763,1.09425
1.08367,1.02793
1.14426,0.493624
1.04253,1.0387
1.09885,0.773533
1.07175,0.899713
1.1808,0.464352
1.06009,0.844893
1.10193,0.91322
1.06805,0.722413
1.06646,0.941101
1.00675,1.16936
0.992137,1.23608
1.17662,0.610036
1.02485,1.15442
1.11795,0.861754
1.03361,1.1716
1.04227,1.14255
1.03356,1.39187
1.06609,0.850722
1.13572,0.689866
1.09903,0.8773
1.06027,1.07679
1.06738,0.843907
1.10045,0.736898
1.15129,0.491983
1.06199,1.0339
1.03517,1.35882
1.04768,1.18585
1.09424,0.817621
1.21498,0.157852
1.12539,0.500995
1.11144,0.736325
1.0672,0.954344
0.985781,1.19949
0.974986,1.45906
1.10205,0.668124
1.17144,0.531143
1.13289,0.552015
1.09947,0.70632
1.07416,0.793583
1.12235,0.760386
1.11443,0.904029
1.03209,1.21321
1.04969,0.994698
1.07308,0.908739
1.09449,0.824082
1.15797,0.453252
1.07683,0.957274
1.13827,0.69484
1.01276,1.20765
1.09934,0.861107
0.980503,1.28959
1.08734,0.94034
1.09603,0.678812
1.01749,0.987162
1.04674,1.11875
1.11617,0.625098
1.07139,1.02971
1.07872,0.922934
1.1003,0.874776
0.966558,1.57895
1.02233,1.0721
1.1531,0.432539
1.03518,0.970401
0.962679,1.25746
1.03452,1.1229
1.06887,0.884717
1.09675,0.687637
1.05676,0.998077
1.01586,1.20063
1.05459,0.855322
1.05888,1.16258
1.07704,0.735608
1.09897,0.841806
1.08908,0.819877
1.05213,1.07227
1.09335,0.813385
1.05345,0.911442
1.10436,0.761951
1.13036,0.651242
1.01677,1.18478
1.01033,1.26207
1.12829,0.676133
1.06702,0.984246
1.15659,0.516112
1.02757,1.32069
1.06523,0.990094
0.996055,1.29137
0.998146,1.38713
1.01901,1.18566
1.15144,0.614162
1.12259,0.717038
1.10907,0.774362
0.947766,1.50877
1.11753,0.832978
1.03222,1.24158
1.0538,0.87541
1.09853,1.06031
1.08359,0.879329
1.07344,1.02828
0.953802,1.51643
0.954281,1.65332
1.1052,0.98863
1.09502,0.853278
1.05322,0.876641
0.973135,1.30926
1.1501,0.634522
1.10636,0.652628
0.992979,1.25913
1.06433,0.836682
1.07095,0.914344
1.1117,0.727264
1.06579,1.13974
1.0247,1.1928
1.17075,0.490049
1.11757,0.548583
1.03413,0.997445
1.06837,1.16766
1.14341,0.638867
1.13327,0.503237
1.0631,1.10579
1.12417,0.59991
1.01643,1.22493
1.0792,0.910533
0.959931,1.5371
1.00877,1.15739
0.98383,1.2714
1.03483,1.13102
0.992914,1.43956
0.971282,1.48424
1.02852,1.09243
1.09906,0.63779
1.03005,1.23769
0.996594,1.23461
1.08134,0.678913
1.16474,0.617196
1.00463,1.11639
1.00766,1.40424
1.03841,1.24331
1.13045,0.508889
1.02518,1.03599
1.11367,0.706059
1.09918,0.811776
0.96887,1.45828
1.12341,0.745766
1.04977,0.951689
1.17035,0.551904
1.12655,0.701399
1.09232,0.993091
1.07546,0.86981
1.09766,0.830918
1.04448,1.03221
0.976418,1.63304
1.13555,0.63011
1.10342,0.934036
0.959368,1.39165
0.950517,1.40633
1.15947,0.572991
1.09111,0.866954
0.972699,1.50198
1.08048,0.554046
1.13582,0.803646
1.01624,1.14297
1.0741,1.04917
1.04765,1.08668
1.05198,1.33409
1.13219,0.400062
1.05656,0.909433
0.98063,1.45534
1.0658,1.00524
1.12006,0.787925
1.14097,0.452406
1.0812,0.838032
1.09622,0.794725
1.06717,1.00564
0.96423,1.38365
1.06355,1.19043
1.03931,0.885535
1.08641,0.766513
1.11624,0.681229
1.04351,1.02331
1.02974,1.36822
1.05539,1.04585
0.874379,1.86624
1.06005,1.00671
1.02346,1.0845
1.04814,0.923927
0.989123,1.47197
1.124,0.612642
0.966825,1.57461
1.02635,1.24838
1.00412,1.19349
1.05213,0.891497
1.09743,0.979278
1.10396,0.815761
1.02992,1.15114
1.07833,1.05091
1.0485,1.08322
1.08387,1.01924
0.962739,1.47481
1.0802,0.984836
0.984619,1.37074
1.10307,0.796855
1.11172,0.803246
1.14259,0.534437
1.02317,1.3513
1.03639,1.27128
1.11033,0.712881
1.08829,0.99378
1.07182,0.746549
1.07,0.996679
1.00119,1.43368
1.11833,0.594296
1.1093,0.703569
1.12311,0.818892
1.07856,1.10601
1.02685,1.31132
1.12293,0.755554
1.13649,0.576435
0.999995,1.35531
1.11091,0.653587
1.02292,1.19935
0.972326,1.50268
1.03072,1.22994
1.05472,0.881469
1.06373,1.12534
1.01103,1.48099
1.13255,0.907793
1.12775,0.803424
1.16986,0.616596
1.03802,1.08325
1.00505,1.1963
1.12712,0.793584
1.0433,1.0274
1.08293,1.22763
1.02729,0.925692
1.02538,1.06586
1.093,0.734548
1.19199,0.396137
1.02898,1.20269
1.14283,0.701471
1.04725,0.978133
1.1219,0.745117
1.04859,0.776785
1.18264,0.341898
1.09471,0.998858
0.970985,1.35348
1.05156,1.06537
1.05051,0.915265
1.02192,1.12863
1.05375,1.05807
1.1467,0.537444
1.0623,0.906243
1.10701,0.852944
1.07151,0.843343
1.10324,0.785678
1.11044,0.912465
0.999638,1.2359
0.982876,1.38542
1.08633,0.933031
1.00228,1.2314
1.03723,1.14104
0.942613,1.54764
1.11381,0.819343
1.11897,0.623041
1.1024,0.753366
1.03972,0.928841
1.03606,1.22853
1.09727,0.730182
1.09945,0.843338
1.0553,0.883432
1.11353,0.760926
1.12119,0.777475
1.12104,0.864485
1.0941,0.893769
1.00041,1.21522
1.09186,0.652741
1.07875,0.805574
1.04188,1.08924
1.07529,1.0991
1.06995,1.03732
1.11856,0.698199
1.06663,0.905077
0.960604,1.49321
1.07676,0.957613
1.03484,0.955681
1.073,0.937498
1.12912,0.610258
1.1626,0.582294
1.10752,0.745353
0.960296,1.54442
1.01177,1.27254
1.13875,0.577551
1.10726,0.778849
1.04783,1.14418
1.18162,0.452216
1.08928,0.753132
1.14558,0.421346
0.979208,1.52116
1.06206,0.929517
1.10101,0.78512
1.11643,0.84466
1.12686,0.565697
1.13399,0.643751
1.04603,1.22309
1.03139,1.39001
1.07875,0.983414
1.08868,0.826274
1.01935,1.38187
0.93804,1.73064
1.1354,0.750376
1.14152,0.439734
1.05826,0.995908
1.07366,0.96165
1.04429,1.0882
1.11794,0.757929
1.14991,0.572507
1.07609,0.966613
1.02723,1.30054
1.07818,1.03254
1.05461,1.1781
1.09065,0.726332
1.16232,0.374228
0.997346,1.43703
1.15752,0.373301
1.09178,0.729188
1.10875,0.914197
1.03402,1.02801
1.09463,0.803961
1.03493,1.17381
0.996797,1.21735
0.972058,1.34563
1.06978,1.01504
0.978808,1.1853
1.06528,1.1066
1.03582,1.11391
1.12867,0.65947
1.06235,1.16346
1.07904,0.946752
1.16272,0.579178
1.10785,0.78977
1.08373,1.0429
1.10279,0.627839
0.985482,1.28526
1.09764,0.806733
0.961815,1.50041
1.09188,0.977197
0.885443,1.91411
1.09739,0.998037
0.999905,1.47372
1.12519,0.792737
1.11091,0.825069
1.11807,0.716503
1.04288,1.04066
1.06059,0.946571
1.1518,0.670864
1.13849,0.699295
1.045,1.07752
1.13624,0.620635
1.08051,1.12041
1.1583,0.521025
1.09032,0.721531
1.11591,0.773937
1.10855,0.64399
1.10775,0.578563
1.14196,0.708785
1.16557,0.514805
1.05817,0.845157
1.06789,0.974024
1.05945,0.989628
1.11449,0.785825
1.09617,0.925577
1.10805,0.69025
1.15051,0.711918
1.12866,0.63573
1.06968,0.834226
0.986183,1.31557
1.07737,0.946418
1.03283,1.17422
1.13785,0.688199
0.999366,1.25937
1.02842,1.12072
1.07784,0.939343
1.15001,0.642982
1.01072,1.28725
1.05118,1.16656
1.03683,1.07119
1.0389,1.34059
1.09017,1.00596
0.993931,1.12154
1.02212,1.28904
1.06386,1.10677
0.99817,1.23961
1.13714,0.746228
1.07796,0.808476
1.05066,1.04641
1.11033,0.789268
1.20472,0.312226
1.15249,0.710534
1.04658,0.988348
1.11836,0.904256
1.05448,1.12743
1.06692,0.83262
1.18634,0.415276
1.12676,0.58244
1.15915,0.351836
1.04508,1.00878
0.991385,1.42259
1.05017,1.10683
1.06123,0.784323
1.04761,1.18239
1.06513,0.904439
1.07025,1.01398
1.08995,0.935792
1.17641,0.391397
1.1261,0.743503
1.09499,0.697679
1.08202,0.929
1.16729,0.543968
1.03966,1.09236
1.00899,1.08038
1.1009,0.823967
1.16446,0.403814
1.07999,0.976367
1.13263,0.829853
1.08135,0.837527
1.14041,0.736807
1.11743,0.602721
1.05084,1.02226
1.12036,0.848539
1.13969,0.829933
1.10381,0.772947
1.08191,0.685424
1.0501,1.16488
0.947186,1.62162
1.03369,1.20693
1.07799,1.06842
1.0075,1.46168
0.994121,1.34168
1.0756,1.02027
1.00329,1.28816
1.01702,1.31762
1.07179,1.00049
1.00629,1.35289
1.0785,0.865715
1.10372,0.793395
1.06584,0.988833
1.10821,0.699593
1.0385,1.19857
0.997098,1.52622
1.14057,0.552257
1.08716,0.773084
1.00009,1.35905
0.987115,1.2412
1.13982,0.745388
1.06093,1.01375
1.04036,1.33331
1.01144,1.33852
1.21373,0.311036
1.08098,0.644436
1.11452,0.631659
1.07947,0.96094
1.08123,0.943429
1.0582,0.945738
1.09807,0.921422
1.05399,0.933043
1.00862,1.36556
1.06126,1.1549
1.08787,0.797459
0.964865,1.49758
0.965135,1.54675
1.08857,0.933608
1.10428,0.558972
1.05011,0.983137
1.06152,0.947203
1.05329,1.10507
1.04005,1.13401
1.08136,0.858118
1.03758,1.18306
1.03469,1.03754
1.02584,1.36794
1.02202,1.28168
1.10062,0.943163
1.08665,0.895503
1.09481,1.07158
1.04366,1.35226
1.09942,0.832066
0.968809,1.49349
1.01048,1.22479
1.01676,1.37744
1.00585,1.13205
0.939221,1.39111
0.951641,1.52733
1.04329,1.25752
1.06864,1.10233
1.0078,1.25536
1.03003,1.05709
1.05885,0.898066
1.05084,1.05867
1.02164,1.13349
1.05538,1.22798
1.05152,0.956906
1.03734,1.22462
1.00469,1.13581
1.07919,0.934401
1.22252,0.470686
1.04748,0.967316
1.02197,1.09413
1.04508,1.15224
1.05721,0.944157
1.09779,1.08312
1.11113,0.70602
1.05829,1.07621
1.06401,0.771007
0.971362,1.39265
1.02405,1.17644
1.10424,0.761955
1.01502,1.11667
1.03623,1.20159
1.03811,1.07773
1.10967,0.719134
1.1062,0.78026
1.09062,0.826239
0.94866,1.52663
1.06816,0.95686
1.14533,0.637925
0.970369,1.5749
0.996031,1.20411
1.21637,0.0320012
1.0535,0.982777
1.01266,1.1136
1.0966,0.649856
1.01011,1.33011
1.14819,0.559275
0.953922,1.59846
1.154,0.583402
1.06736,1.00169
1.13391,0.606334
1.04586,1.01596
1.09491,0.721191
1.09943,0.624344
1.08578,0.938631
1.09669,0.81257
1.01984,1.16184
1.04719,0.97523
1.05413,0.995444
0.988919,1.22237
1.10915,0.846356
1.01285,1.2625
1.13528,0.614886
1.10049,0.650305
1.11618,0.736672
1.03409,1.14774
1.07972,0.772225
1.14124,0.675719
1.14663,0.637034
1.05953,0.835993
1.04883,0.997576
1.0463,0.841689
1.05166,1.15052
1.01468,1.22079
1.08822,1.0226
1.08851,0.772186
0.932987,1.78761
1.09675,0.9671
0.984623,1.50388
1.08826,0.903058
1.09211,0.861483
1.05179,0.943924
1.07742,0.764582
1.13062,0.612894
1.09806,0.771783
1.03096,1.14224
1.08734,0.87771
1.21382,0.395181
1.23632,0.0925482
1.05041,0.98665
1.09467,0.895865
1.05818,1.12121
1.14355,0.731397
0.965889,1.47687
1.06774,0.906628
1.05868,0.966229
1.00427,1.174
1.05344,1.15125
1.05152,0.957732
1.10588,0.807717
1.03566,1.20986
0.959095,1.58362
0.934052,1.60689
1.11319,0.659578
1.11022,0.749908
1.05931,1.18695
1.17505,0.431482
0.990704,1.42577
1.03103,1.12071
1.07842,1.00237
0.993896,1.19967
0.980526,1.46097
1.05597,1.06501
1.01542,1.32896
1.05705,1.01869
1.06999,1.02123
1.12081,0.822156
1.0832,0.950561
1.05579,1.00503
1.10785,0.656369
1.09908,0.982208
1.10578,0.868382
1.00961,1.29935
1.10031,1.01761
1.20875,0.330441
1.0676,0.826654
1.19628,0.303684
1.13583,0.497059
1.01378,1.18493
1.07112,0.610352
0.966819,1.40716
1.20792,0.38723
1.05336,1.21885
1.05696,1.01691
0.941652,1.66814
1.22239,0.225289
1.02948,1.17501
1.11954,0.696739
1.03468,1.24249
1.19262,0.301036
1.18979,0.287033
1.16297,0.511069
1.07748,0.981149
1.0197,1.08594
1.21647,0.0645934
1.11523,0.763519
1.13079,0.721277
1.00749,1.19372
1.16201,0.664963
1.04469,1.08494
1.11016,0.678145
1.06729,0.812385
0.959918,1.54473
1.11121,0.812507
1.08701,0.901904
1.10218,0.918077
1.0133,1.30847
1.07751,0.902979
1.04293,1.09412
1.08592,0.709434
0.947464,1.53151
1.04601,1.0328
1.04197,1.33171
1.03413,1.35994
1.07599,1.08234
1.07248,0.879236
1.07708,0.772242
0.991813,1.31015
1.13711,0.6409
1.02198,1.12864
1.12753,0.918342
0.984602,1.38022
1.05865,0.967125
1.09336,0.926965
1.16294,0.454913
1.09818,0.938265
1.02257,1.23408
1.04717,1.18054
1.01602,1.22523
1.02487,1.25629
1.12122,0.925217
1.00784,1.21108
0.990834,1.25521
0.972281,1.40551
1.13319,0.575894
1.06533,1.1333
1.11074,0.778993
1.03692,1.05257
1.0742,0.953454
1.03763,1.08321
1.05396,1.08905
1.04564,1.08981
1.00067,1.37602
1.04485,1.14938
1.03013,1.13233
1.12167,0.79525
1.02911,1.36126
1.08027,0.926373
1.05743,0.984471
1.08837,0.880951
1.10263,0.83231
1.10244,0.721242
1.06936,1.00634
1.17538,0.489397
1.10828,0.94921
1.04772,1.02192
1.03376,0.998985
1.09796,0.890925
1.05713,1.31324
1.05468,1.11385
1.03574,1.12616
1.2068,0.473105
1.0771,0.941872
1.01215,1.32835
1.01564,1.19026
1.03863,1.19389
1.01988,1.07729
1.07123,0.937904
1.06113,1.02218
0.980294,1.43612
0.973354,1.49282
1.09762,0.62968
1.00746,1.45346
1.18998,0.441507
1.06494,0.959552
1.16856,0.478934
1.036,1.38222
1.08461,1.13208
1.02774,1.14711
1.08306,0.952612
1.05392,1.05248
1.08281,0.90402
1.16093,0.584454
1.00858,1.25864
1.12968,0.656245
1.08341,1.08287
1.02815,1.29709
1.08949,0.885316
1.0868,0.947679
1.1503,0.452523
0.95537,1.66928
1.03037,1.07191
1.09607,0.889786
0.942643,1.64676
0.984871,1.3205
1.1919,0.409093
1.11144,0.862198
1.07618,0.964401
1.07779,0.852071
1.18658,0.508819
1.10767,0.49017
1.05639,0.990836
1.08768,0.902687
1.11803,0.681148
1.09146,0.703322
1.12386,0.879102
1.07683,1.20036
1.043,0.919994
0.990717,1.23124
1.07107,1.07594
1.05721,0.906648
1.15396,0.350083
1.14201,0.522439
1.05438,0.87482
1.15226,0.41528
1.03401,1.28052
1.06842,0.959128
1.01735,1.09609
1.05249,1.09732
1.14113,0.356513
1.13654,0.63475
1.10179,1.04567
1.10375,0.782418
1.07066,0.98173
1.09683,0.846357
1.03726,1.02096
1.11652,0.545139
1.05444,1.13603
1.00497,1.31991
1.0368,1.21456
1.12803,0.628502
1.01868,1.11129
1.0573,0.979133
0.99796,1.27841
1.17043,0.519339
1.10627,0.828701
1.11566,0.788447
1.03951,1.08819
1.07775,0.780191
1.02455,1.13749
1.03539,1.08867
1.14382,0.609367
1.05597,1.10985
1.10075,0.974626
1.05804,1.13146
0.993598,1.24607
1.10121,0.99192
0.985238,1.37027
1.00811,1.28129
1.08641,0.906545
1.10837,1.08289
1.12611,0.760773
1.00816,1.34449
1.08535,0.797694
1.10743,0.820847
1.08767,0.817104
1.10025,0.947448
0.962343,1.53434
1.05427,1.07568
1.10116,0.734697
1.00606,1.20612
1.08241,0.944902
0.996366,1.24586
1.09426,0.877157
1.12626,0.660896
1.08316,0.917264
1.01448,1.27165
0.983911,1.31886
1.09171,0.924391
1.12455,0.682155
1.11073,0.975823
1.11372,0.717074
1.07618,0.740748
1.15605,0.281333
1.0539,1.05414
1.22017,0.453722
1.05828,0.861581
1.07233,1.0252
1.10053,0.921154
1.06909,0.895175
1.13936,0.584656
0.980514,1.52944
1.11923,0.624786
1.07379,0.989101
1.12012,0.746114
1.19467,0.116956
0.9987,1.41681
1.11945,0.757812
1.15094,0.689641
1.03075,0.97632
1.06977,0.966757
0.994216,1.26429
0.985293,1.43444
1.04727,1.27361
1.01721,1.16978
1.11688,0.673118
1.02453,1.26424
0.969533,1.57932
1.11381,0.657127
1.08242,0.886496
1.07167,1.11447
1.11826,0.831408
1.01443,1.43736
1.12703,0.584744
1.09319,0.756096
1.00327,1.14157
1.01652,1.12138
1.06318,1.10605
1.00608,1.20566
1.13499,0.703863
1.0818,0.764511
1.03169,1.2222
1.04008,1.02642
1.13004,0.753182
1.01349,1.30206
1.03508,1.31433
1.01168,1.38467
1.13982,0.717757
1.02481,1.34165
1.18266,0.389242
1.09282,0.93652
0.9909,1.26673
1.10914,0.848094
1.08816,0.909781
1.17985,0.389054
1.04039,1.15316
1.06615,0.99898
1.07247,0.868526
1.11574,0.550129
1.06977,1.09071
1.12468,0.784459
1.06088,1.09675
1.11826,0.697389
1.07487,0.830616
1.09291,0.9039
1.09164,0.729614
1.07899,1.02284
1.20331,0.23868
1.06251,1.1416
1.08146,0.956151
1.02891,1.23381
0.998552,1.28761
1.1892,0.412344
0.972717,1.54748
1.06939,0.947873
1.16717,0.411322
1.06645,1.10025
1.01138,1.34531
1.11462,0.806662
1.09523,0.637352
1.00684,1.13127
1.09011,0.82408
1.04834,1.07739
1.0081,1.19213
1.09433,1.03885
1.12615,0.86446
1.08167,1.22342
1.09796,0.853375
1.13602,0.400076
1.02439,1.20058
1.06944,1.01849
1.01611,1.1582
1.19407,0.331189
1.07149,0.946687
1.09644,0.925975
1.04296,1.04378
1.044,0.982929
1.00264,1.30678
1.07993,0.878149
1.12141,0.618072
1.16391,0.725654
1.07867,0.876545
1.09122,0.750993
1.07272,0.961594
1.11268,0.672014
1.07441,0.888539
1.03116,1.14754
1.0735,0.856184
1.02839,1.09872
1.02929,1.36528
1.13943,0.51437
1.19691,0.501841
0.950741,1.54885
1.08765,0.9931
1.03259,1.17231
1.09435,0.818581
1.16553,0.386221
1.10193,0.925415
1.15308,0.61774
1.17001,0.585476
1.16657,0.334089
1.13839,0.48504
1.0746,1.0638
1.0823,1.07038
1.07455,0.772192
1.07193,0.963419
1.05982,1.01872
1.15305,0.644984
1.05221,1.10253
1.11236,0.772728
1.07323,1.08955
1.08156,0.9888
1.11006,0.558781
1.10769,0.787573
1.02067,1.16299
1.09252,1.07848
1.17692,0.319625
1.07344,0.902769
1.02606,0.926049
1.06042,0.914704
1.01221,1.29319
1.04866,0.96154
1.10405,0.81601
1.04255,0.956692
1.01408,1.24631
1.04359,0.904345
1.02133,1.15887
1.19372,0.530445
1.12785,0.652376
1.04125,1.05318
1.02595,1.03219
1.04814,1.07365
0.998835,1.24966
1.02817,1.10376
0.991146,1.34973
1.0698,1.10406
1.10241,0.873612
0.971354,1.30172
0.984943,1.14997
1.07783,0.956515
1.12548,0.768852
1.1077,0.737646
1.16746,0.472968
1.09247,0.832277
1.09668,0.812138
1.09733,0.924891
1.08198,0.931787
0.960881,1.5983
1.03103,1.11104
1.18783,0.343082
1.07086,1.08895
1.00928,1.17387
1.1349,0.625101
1.0773,0.870041
1.03245,1.00044
1.13433,0.643804
1.17225,0.580572
1.17394,0.348983
1.06158,1.07556
1.04001,1.07287
1.07235,0.840547
1.02224,1.1528
1.03876,1.22584
1.09913,0.900225
1.03543,1.24946
1.07919,0.952167
1.03158,0.992411
1.07952,1.02959
1.06569,0.9301
1.05784,0.943748
1.12582,0.550243
1.1408,0.682641
0.987739,1.52986
1.0936,0.85519
1.11237,0.846217
1.13245,0.461933
1.119,0.610282
1.12998,0.61633
1.04327,0.957116
1.00742,1.45556
1.00261,1.29819
1.07643,1.01826
1.04304,0.973599
1.03403,1.06609
1.03423,1.30147
1.10487,0.823521
1.16372,0.476834
1.06631,0.993962
1.12264,0.680968
1.07535,0.861239
1.08838,0.769291
1.09222,0.675092
1.0142,1.22612
0.929903,1.63595
1.15342,0.435795
1.16995,0.49657
1.03681,1.17664
1.13534,0.434198
1.06929,1.0289
1.06536,0.970893
1.13895,0.602613
1.09694,0.797112
0.995633,1.39404
1.01641,1.22433
1.06573,0.867069
1.18534,0.543835
1.03677,1.11758
1.0198,1.18899
1.10881,0.668796
1.13233,0.536418
1.01732,1.36091
1.08314,0.645301
1.01451,1.27183
1.17173,0.476924
1.06127,1.03626
0.958943,1.5103
1.00542,1.12013
1.14952,0.493339
1.08186,0.970685
1.05554,1.1258
0.998551,1.42272
1.10471,0.915543
1.06674,1.07695
1.12664,0.860892
1.06992,0.971944
1.05304,0.822904
1.08325,0.978553
1.08396,0.9012
1.1259,0.496445
0.966533,1.49536
1.14494,0.683133
1.02534,0.958478
1.07095,0.899701
1.1428,0.433424
1.08296,0.842313
1.08246,0.868052
1.05808,1.08693
1.13818,0.697837
1.04568,0.896977
1.05661,1.02269
1.14567,0.720496
1.09116,0.863887
1.15347,0.881741
1.08435,0.936437
1.00485,1.31472
1.05395,1.03486
1.0403,1.17904
1.09081,0.658088
0.937188,1.47391
1.12835,0.692826
1.13134,0.690133
1.06636,0.946565
1.01791,1.18037
1.00811,1.34316
1.05394,1.05239
1.08153,0.88978
1.03232,1.11606
1.11507,0.738937
1.06542,1.22465
1.15348,0.509374
1.01597,1.27464
1.04678,1.1303
1.07962,0.970471
1.00494,1.16011
1.05076,0.975253
0.913303,1.77461
1.15306,0.522538
1.04174,1.17635
1.09572,0.705249
1.18434,0.401738
1.13773,0.570496
1.12697,0.751998
1.046,0.889064
1.09172,0.853365
1.07435,1.05771
1.16989,0.481121
1.09222,0.733431
1.13232,0.637321
0.984203,1.52482
1.11493,0.806817
0.943444,1.51945
1.05491,1.20928
1.04808,1.021
1.04803,0.708736
1.05128,0.890752
0.982724,1.32744
1.01093,1.33492
1.11441,0.910362
1.09938,0.805604
1.14702,0.486151
1.08041,1.05078
0.981742,1.49409
1.08209,0.883701
1.0435,1.21336
1.20457,0.46429
1.08712,0.787601
1.04009,1.15963
1.01733,1.1879
1.11731,0.695131
1.04906,1.2746
1.03822,1.1838
0.932841,1.56108
1.05134,1.00602
1.17742,0.416193
1.08224,0.713085
1.04971,1.04268
1.09952,0.969606
1.09745,0.73913
1.1208,0.845908
1.12947,0.673004
1.0272,1.02079
1.09743,0.739497
1.10999,0.74732
1.00726,1.29151
0.987902,1.3848
1.13112,0.661111
1.07281,0.929487
1.03051,1.2524
0.997151,1.44477
1.15146,0.488898
1.0043,1.197
1.08658,0.832489
1.08991,0.749812
1.10721,0.741916
1.04824,1.30652
1.02087,1.22867
0.980965,1.33207
0.997186,1.20152
1.07622,0.990154
1.04932,1.04629
1.08881,0.764202
1.06713,0.969577
1.09984,0.914714
1.06256,0.935931
1.10306,0.840932
1.02,1.18019
1.11635,0.740662
1.09459,0.806824
1.11244,0.762296
1.02749,1.20454
1.08206,0.93462
1.04101,1.03977
1.14171,0.531504
1.05692,1.15297
1.1009,1.07175
1.06862,0.79117
0.991009,1.24182
1.1123,0.743257
1.06307,0.975867
1.14611,0.511037
1.10953,0.909333
1.11246,0.731145
1.05947,1.0705
1.04255,1.13066
1.0651,1.09039
0.97202,1.27997
1.06188,0.895982
1.04488,1.083
1.11636,0.701803
0.996772,1.33058
1.0958,0.994553
1.02234,1.24308
1.11634,0.842087
1.08068,0.961555
1.02376,0.979758
1.02728,0.995843
1.11054,0.777664
0.986642,1.19558
1.02703,1.11441
1.09003,0.879328
1.12949,0.663777
1.05528,0.90625
1.04552,0.776525
1.09238,0.932543
1.10906,0.727063
1.0543,1.01767
1.04282,1.11926
1.06353,1.11962
1.07327,0.872197
1.07061,1.10277
1.01106,1.37101
1.09049,0.845677
1.0731,0.900275
1.06315,1.04261
1.08677,0.924338
0.985246,1.18536
1.05146,1.03318
1.03206,1.12129
1.08766,0.740431
1.12215,0.564017
1.11009,0.895869
1.02383,1.14298
1.05691,0.922094
1.13226,0.67073
0.931544,1.75189
1.02071,1.41549
1.08849,0.864953
1.05977,0.991356
1.03707,0.874004
1.01377,1.2705
1.10766,0.574461
1.10455,0.885322
1.03776,0.98637
1.12856,0.781671
1.11449,0.785422
1.08932,0.775565
1.01742,1.09616
1.09806,0.756366
1.12961,0.796411
1.07266,1.01406
1.15549,0.614894
1.0872,1.04887
1.18838,0.524642
1.08644,0.823114
1.07918,0.702132
1.09619,1.10195
1.07922,0.994664
1.04651,0.989721
1.05251,1.18851
1.14129,0.620597
1.08791,0.807543
1.15253,0.456619
1.11767,0.690023
1.05503,1.14315
1.02006,1.33103
1.10161,0.774164
1.09173,0.987824
1.08263,0.76636
1.15181,0.615281
1.01535,1.30121
1.06361,0.971881
1.0779,0.953476
1.08064,0.844984
1.01919,1.25117
1.09886,0.79066
1.06471,1.02382
0.961681,1.54601
1.16778,0.475529
1.2314,0.284286
1.10508,0.954654
1.04439,1.21498
1.05289,0.985362
0.983555,1.23363
1.13557,0.744338
1.07168,1.07366
1.06042,0.916889
1.04476,1.02839
1.1321,0.782543
1.01126,1.47852
0.998169,1.25281
1.1331,0.759169
1.03269,1.05778
1.16311,0.45401
1.16433,0.452668
1.10546,0.754858
1.04206,1.16247
1.17627,0.537013
1.06333,0.951221
1.01618,1.34689
0.990343,1.63827
1.04479,1.1377
1.02465,1.35365
1.01083,1.53354
0.971816,1.32813
1.07145,1.14932
1.05504,1.05431
0.997038,1.34903
1.03924,1.09805
0.959019,1.51432
0.984834,1.18753
1.03623,1.21623
1.11919,0.625096
1.02228,1.29423
1.08899,0.811829
1.12561,0.601489
1.06357,1.09317
1.12291,0.665297
1.03208,1.35302
1.0929,0.921671
1.17607,0.482515
1.03279,1.09308
1.04581,1.17584
1.0733,1.04333
1.0354,1.29161
1.02799,1.1601
1.14959,0.625555
1.03696,1.23111
1.13475,0.53898
1.06935,0.961269
1.06455,0.833825
1.01004,1.2085
1.1819,0.41326
1.02928,1.32527
1.08775,0.899462
1.12427,0.643602
1.11783,0.872674
1.11074,0.640712
1.05093,1.07991
0.963181,1.54375
1.14255,0.500017
1.10777,0.690811
1.11903,0.630246
1.14323,0.721983
1.12161,0.754001
1.03847,1.26482
1.07352,1.08495
1.12052,0.989146
1.02583,1.25557
1.0668,1.10632
1.05606,1.12682
1.02936,1.15011
1.14199,0.483136
1.10585,0.866067
1.05542,0.814191
0.936705,1.39031
1.18044,0.297264
1.0662,1.15229
0.933888,1.67402
1.0251,1.18381
1.01779,1.09098
1.02007,1.13817
1.09844,0.775812
1.14895,0.665835
1.12116,0.691942
1.15509,0.553451
1.2103,0.344113
1.06204,1.11609
0.993691,1.49576
1.01891,1.28522
0.932732,1.63043
1.03443,1.09183
1.05234,0.992578
0.947273,1.56808
1.08217,1.03928
1.03636,0.952437
1.00464,1.17752
1.00604,1.27569
1.09616,1.01471
0.941456,1.84489
0.949807,1.4211
0.960162,1.45794
1.11459,0.856242
1.07867,0.81461
1.09923,0.858565
1.06927,1.02311
1.17048,0.465464
1.21981,0.335987
1.10074,0.836059
1.07276,0.81354
1.12443,0.739216
1.16008,0.626464
0.999694,1.28651
0.988872,1.27482
1.11637,0.84299
1.06595,0.905005
1.10769,0.965674
1.03724,1.02619
1.06503,0.917862
1.08687,0.734929
1.04484,0.988498
1.04315,1.02798
1.09091,0.845949
1.05174,1.13079
1.09982,0.641992
1.14908,0.578287
1.08211,0.947384
1.02126,1.14972
1.0223,1.11884
1.1328,0.761175
1.15242,0.521099
1.0396,1.00876
1.06921,0.837864
1.14566,0.512197
1.11359,0.651828
1.06294,0.96342
1.03068,1.10527
1.13951,0.715056
1.11883,0.51258
1.05046,0.938491
1.04889,0.924404
1.02811,1.14076
1.08184,0.895859
1.21161,0.511156
1.09298,0.834441
1.08907,0.735955
1.01247,1.2537
1.16596,0.642073
1.0919,0.826876
1.0694,1.04696
1.08654,0.950762
1.08382,0.698081
1.08607,0.794505
1.03358,1.25161
1.02922,1.22135
1.11053,0.535635
1.16086,0.597967
1.14516,0.70427
1.00024,1.12979
1.09138,0.852749
1.1478,0.486335
1.05086,1.23751
1.0386,1.07902
1.06764,0.986648
1.07609,1.06438
1.12632,0.758863
1.06552,0.84133
1.10872,0.670398
1.11623,0.742109
1.05609,1.04915
0.984841,1.38903
0.989972,1.41633
1.03791,1.08152
1.1232,0.658895
1.05806,0.799055
1.13994,0.670655
1.06504,0.640047
1.02772,1.12456
1.06429,1.14659
1.10007,0.629845
1.09091,0.937879
1.0725,1.05135
1.08429,0.913845
1.08058,1.09305
0.979784,1.50241
1.00881,1.31739
1.05069,1.32049
1.08246,0.73385
0.988674,1.58094
0.999324,1.31257
0.962267,1.35047
1.10217,0.879145
1.02639,1.10089
1.16098,0.399599
1.03373,1.11389
1.05852,1.09781
1.18174,0.458744
1.00786,1.44668
1.09819,0.910368
1.00448,1.27477
1.08914,0.755468
1.08617,0.811001
1.14371,0.6706
1.15944,0.686291
1.11786,0.55696
1.03201,0.898965
1.10103,0.783212
1.04386,1.1593
1.12067,0.76963
1.04145,0.939291
1.00726,1.17739
0.970786,1.46111
1.16571,0.451574
1.08293,0.991388
1.10054,0.76724
0.98571,1.25151
0.992317,1.52095
1.06872,0.88542
1.0182,1.08021
1.15505,0.797761
1.07364,1.01236
1.01432,1.05683
1.06401,0.92199
1.1276,0.506613
1.02952,1.20678
1.06102,0.847492
1.02131,1.3448
1.17186,0.440835
1.08322,1.00938
1.05613,0.974915
0.963039,1.36937
1.08778,0.601482
1.09429,1.01322
1.14165,0.654288
0.95734,1.71751
1.03812,1.04014
1.10761,0.664155
1.07629,1.09586
0.957844,1.63112
1.02831,0.996074
1.06903,0.881243
1.11933,0.746007
1.07417,0.978913
1.08173,0.834036
1.05894,1.00487
0.981433,1.56156
1.02846,1.11996
1.10311,0.663711
1.04649,0.925329
1.12232,0.46355
1.07062,0.974055
1.00533,1.30946
1.11172,0.555013
1.0517,0.88185
1.05925,0.848728
1.08885,0.906045
1.03713,1.10888
0.969661,1.47156
1.08201,0.900966
1.06247,0.988276
1.02361,1.32006
1.0399,0.932088
1.0492,1.05478
1.10739,0.821797
1.1157,0.529324
1.04206,0.974042
1.10811,0.803819
1.0712,0.816092
1.06162,0.857147
1.03327,1.22913
1.13116,0.633168
1.00573,1.26111
1.14561,0.7053
1.10324,0.90319
1.11083,0.861988
1.14376,0.528353
1.0403,1.24378
1.02099,1.31865
0.946709,1.64515
1.04822,1.0867
0.95656,1.68275
1.01005,1.31018
1.08186,0.659293
1.07248,0.812993
1.02149,1.18114
1.00967,1.20364
1.0339,1.27632
0.987724,1.1451
1.0405,1.1881
1.10204,0.796311
1.11263,0.937491
1.1762,0.482711
1.11981,0.835646
1.05542,1.12419
1.05282,1.0245
1.14396,0.693651
1.13581,0.679031
1.05307,1.01472
1.12444,0.707556
1.03636,1.04092
1.016,1.30302
1.06973,0.969705
1.05016,0.881301
1.05262,0.960283
1.00234,1.27463
1.06239,1.03023
1.00812,1.43709
1.0574,1.20838
0.988366,1.38697
1.00316,1.25442
1.04861,0.894361
1.10982,0.712104
1.04081,1.14987
1.13097,0.853321
1.09585,0.876128
1.05986,1.0203
1.18688,0.234703
1.03304,0.986742
1.14701,0.726315
0.950759,1.7007
1.10392,0.761853
1.02393,1.11994
1.16599,0.244088
1.05499,0.987614
1.13421,0.554261
1.01172,1.22242
1.05626,1.11123
1.10257,0.815505
1.00049,1.11187
1.02707,1.24314
0.993698,1.44855
1.10812,0.593386
1.18141,0.308206
1.10061,0.842454
1.08548,0.779798
1.07318,0.70645
1.05809,0.924166
1.10267,1.02767
1.17292,0.557382
1.07854,0.840892
1.00559,1.29798
1.02856,1.10136
1.10214,0.934817
1.10861,0.631728
1.1088,0.594645
0.964318,1.32565
1.07103,0.999782
1.0414,1.06025
1.11107,0.529062
1.08092,0.833705
1.14532,0.619676
1.10222,0.678938
1.03333,1.02429
1.04586,1.00005
1.04436,1.34687
1.10988,0.930631
0.956492,1.45967
1.12007,0.778253
1.00461,1.41045
1.14601,0.772069
1.11272,0.913611
1.0654,0.778627
1.08948,0.827319
1.08701,0.88135
1.06408,0.841415
1.04845,1.08062
1.1166,0.821292
0.996328,1.37793
1.10572,0.863319
0.992083,1.37771
1.09966,0.777461
1.11867,0.910769
1.03519,1.10736
1.08834,1.00946
1.13166,0.436604
1.07318,0.896204
1.16432,0.591239
0.95081,1.58207
1.01962,1.32748
1.09883,0.6295
1.0666,0.9198
0.99309,1.57519
1.10698,0.84994
1.00315,1.52632
1.11193,0.826104
1.06126,1.14175
1.04886,1.27514
1.06732,1.19202
1.12578,0.707337
1.13796,0.90496
1.11276,0.742983
1.04152,1.07123
0.983768,1.57859
1.08117,0.848923
1.19101,0.683141
1.06703,1.07918
1.06912,1.02563
0.940089,1.51619
1.05688,1.05043
1.06273,1.09663
1.06836,0.895951
1.00688,1.36229
1.0282,1.15543
1.0266,1.09366
1.01347,1.2827
1.11445,0.766471
1.0247,1.28681
1.04,1.08712
1.12588,0.600487
1.0473,1.11861
1.05036,0.953962
0.972776,1.5479
1.00579,1.19598
1.18355,0.412049
1.07225,1.07435
1.03027,1.24675
1.09402,0.798542
1.00239,1.4022
1.12874,0.666846
1.01938,1.13985
1.04434,1.08732
1.12639,0.557696
1.00258,1.36012
1.00412,1.15769
1.08341,0.776645
1.04455,0.893231
1.13031,0.746422
1.10079,0.829059
1.03633,1.14578
1.14358,0.696725
1.0084,1.42112
1.04889,0.98925
1.07714,0.987081
1.04147,0.969531
1.02429,1.26843
1.06855,1.14888
1.06721,0.917281
1.098,0.702577
1.06278,0.956654
0.942048,1.50419
1.10266,0.970739
1.07467,1.02317
1.03283,1.14006
1.12589,0.581844
1.06879,0.759215
1.09896,0.953316
1.14018,0.668865
1.01841,1.13146
1.16563,0.435502
1.10448,0.886091
1.08159,0.86886
1.13169,0.799365
1.13609,0.45987
1.10262,0.948168
1.10862,0.668374
1.08906,0.8651
1.09979,0.880408
1.07917,1.11346
1.09543,0.905903
1.04674,1.30832
1.04477,1.15307
1.154,0.455531
1.19054,0.284107
1.09955,0.882659
1.067,0.917316
1.10177,0.854363
1.12828,0.753264
0.962324,1.71647
1.00732,1.09836
0.98645,1.39373
1.14804,0.732597
1.06962,0.890362
1.04617,1.1093
1.05887,1.10716
1.05203,1.01175
1.04368,1.09733
1.02331,1.15953
1.06127,1.09441
1.07174,1.02861
0.981285,1.51268
1.03446,1.03167
1.13915,0.559666
1.16965,0.400017
1.07221,1.09004
1.09669,0.896388
1.08027,0.845089
1.09724,0.93802
1.08415,0.985086
0.959903,1.57575
0.989062,1.37201
1.09789,0.801674
1.03934,1.09719
1.10027,0.853267
1.11246,0.784202
1.14558,0.787466
1.12502,0.616001
1.0573,0.939418
1.10235,0.896704
1.03005,0.997597
1.08478,0.890758
1.08038,0.937517
1.04821,1.32757
1.00333,1.44536
1.04071,1.00855
1.11323,0.837387
1.0106,1.21387
0.982983,1.44215
1.01919,1.27336
1.14118,0.479685
1.01767,1.17773
1.18355,0.263644
0.978651,1.48883
1.12718,0.557334
1.20012,0.172708
1.0421,0.979659
1.07694,0.948684
1.15061,0.578736
1.00865,1.40365
0.985336,1.45338
1.08803,0.910447
1.10691,0.681524
1.09554,0.910126
1.11821,0.664292
1.11451,1.02697
1.13445,0.769081
0.984911,1.5342
1.09381,0.97133
1.14458,0.431309
1.04256,1.25348
1.05521,1.108
1.16897,0.521006
1.12661,0.744091
1.05834,0.934446
0.996702,1.18202
1.08956,0.852044
1.02437,0.857323
1.00622,1.31766
1.11426,0.659683
0.992514,1.46671
1.14534,0.709716
1.12329,0.760387
1.02705,1.10726
1.08011,0.835661
1.05839,0.800723
1.07704,0.894324
1.12346,0.857324
1.02833,1.18281
1.03968,1.00263
1.07619,0.853122
1.07492,1.07578
1.02516,1.40171
1.03218,1.07199
1.04485,1.05679
1.05444,1.13998
1.01964,1.15955
1.04255,1.12651
1.07647,1.086
1.01545,1.34039
1.11099,0.822182
1.1132,0.664729
1.00581,1.21379
1.07602,1.11602
1.0094,1.21527
1.11858,0.668049
1.05919,1.07588
1.02818,1.17144
1.02063,1.15485
1.00638,1.1719
1.10487,0.857272
1.11109,1.01546
1.0666,1.08947
1.09045,0.649643
1.01959,1.13688
1.0869,0.846317
1.04557,1.16776
1.05298,1.3915
1.08231,0.884865
1.08207,0.992518
1.01235,1.38744
0.999626,1.39067
1.10977,0.875788
1.10865,0.888428
1.03643,1.03541
1.07098,0.915756
1.11459,0.812376
1.07218,0.953095
1.13598,0.712899
1.21722,0.378134
1.04404,1.09434
1.1327,0.733601
1.09971,0.828629
1.03859,1.06509
1.09577,1.00217
1.09673,0.92088
1.02681,1.27172
1.09256,1.05043
1.02964,1.05179
1.03814,1.10075
1.12447,0.681826
1.03292,1.20624
1.08695,0.782149
1.06939,0.991513
1.04293,1.36577
1.18817,0.314898
0.993099,1.15505
1.03806,1.01719
1.0849,0.814269
1.09666,0.718226
0.988169,1.27497
0.975837,1.5389
1.05126,1.02943
1.02639,1.2147
0.970912,1.45101
1.13432,0.623336
1.07792,0.923234
1.08607,1.04535
1.00748,1.16688
0.991681,1.30564
1.03869,1.19669
1.06442,0.68084
1.04566,1.0423
1.07349,0.967833
1.0298,1.22588
0.974834,1.37837
1.03732,1.11895
1.09534,0.788933
1.09007,0.812916
1.12143,0.60844
1.07341,0.880751
0.981947,1.43672
1.08999,1.05223
1.00253,1.25635
1.00471,1.14788
1.04978,0.929285
1.19036,0.322892
1.00016,1.30721
1.09299,0.756501
1.1623,0.678346
1.07321,1.04684
1.09049,0.873479
1.02928,1.29678
1.16837,0.38563
1.05381,0.904683
1.0614,1.06692
1.08656,0.801053
1.13586,0.631368
1.02394,1.17121
1.09286,0.813594
1.02816,1.10907
1.012,1.09726
1.08568,0.913687
1.08501,0.843066
1.14146,0.589238
0.973561,1.48686
1.11713,0.685184
1.07231,0.90488
1.09819,0.601632
0.989265,1.20822
1.0805,1.01404
1.12795,0.575181
1.09115,0.790741
1.14394,0.510864
1.03828,1.2144
1.09907,0.881111
1.04146,1.32866
1.12242,0.613609
1.09713,0.857307
0.9906,1.40309
1.19441,0.435252
1.09051,1.07914
1.11413,0.552563
1.06504,0.95717
1.05142,0.965221
1.17002,0.638899
1.1552,0.821804
0.979358,1.64261
1.11174,0.550125
1.09519,0.833248
0.98337,1.27825
1.08436,0.952912
1.0439,0.97572
1.03738,1.18483
1.10464,0.854932
1.04231,1.20855
1.12262,0.758499
1.05557,1.04759
1.05582,1.06587
1.07449,1.05766
1.04274,0.958125
1.0308,1.37948
1.0615,1.12187
1.09454,0.829606
1.16538,0.47301
1.02314,1.05616
1.09539,0.826135
1.0483,1.12693
1.06504,1.05123
1.11599,0.697903
1.1468,0.458006
1.09596,0.790965
1.01287,1.22823
1.02671,1.42608
1.12214,0.867829
1.02734,1.12775
0.962733,1.25827
1.11885,0.703083
1.0525,1.06517
1.07704,0.894101
1.02386,1.25176
1.104,0.761726
1.15425,0.615677
1.05466,1.26086
1.02992,0.972196
1.14899,0.504802
1.08471,0.907351
1.11331,0.757883
1.03519,1.02522
1.07573,0.881047
1.03845,1.05886
1.13151,0.755778
1.07516,0.770604
1.0699,0.993054
1.01223,1.29802
1.0617,1.08855
0.955673,1.45617
1.03895,1.27615
1.1166,0.862605
1.05848,1.08749
1.05892,1.25381
1.0636,1.25624
1.07777,0.866696
1.0927,0.949526
1.03184,1.32856
1.15377,0.808256
1.18512,0.400725
1.05274,1.01693
1.06916,1.04067
1.04507,0.844781
1.16847,0.575877
0.978974,1.42871
0.930106,1.58709
0.993251,1.44072
0.992197,1.40665
1.13932,0.518357
1.0881,1.05076
1.11264,0.850468
1.11524,0.782622
1.13515,0.633326
1.13153,0.541042
0.98894,1.53633
1.11618,0.766497
1.12237,0.594807
1.14328,0.52764
1.20045,0.430009
1.07076,1.05859
1.07849,0.930104
1.12332,0.544853
1.13522,0.636579
0.932367,1.71544
1.02876,1.19587
1.13714,0.507564
1.05037,1.0265
1.10299,0.556161
1.17389,0.37845
1.01651,1.18248
1.01204,1.21658
1.06568,1.03791
0.965295,1.38186
1.01903,1.18404
1.06533,0.969846
1.00816,1.38195
1.09762,0.886855
1.06223,0.967981
0.979558,1.43166
1.09414,0.610481
0.978144,1.32898
1.11915,0.665271
0.995792,1.46276
1.19119,0.30886
0.967572,1.41406
1.14913,0.534313
1.11016,0.920264
1.02967,1.25014
1.14285,0.639765
1.04757,1.09597
1.07819,0.898645
1.07512,0.890316
0.98841,1.33933
1.04024,1.09017
1.13053,0.485452
1.09809,0.884039
1.14786,0.764929
1.05069,0.851318
1.00228,1.26175
1.07463,0.896745
1.03407,1.21868
1.16653,0.50932
0.991989,1.31555
1.15606,0.494789
1.11272,0.687437
1.12444,0.653824
1.0825,0.856406
1.1037,0.932913
1.14924,0.438451
1.12961,0.578185
1.10011,0.936114
1.10382,0.797891
0.996292,1.27127
1.02551,1.15518
1.16181,0.743174
1.00501,1.19278
0.982461,1.347
1.1532,0.693
1.07977,1.08778
1.06255,0.965613
1.00465,1.23518
1.0954,0.721947
1.07646,0.855908
1.00499,1.28909
1.06918,0.994674
1.09456,0.819462
1.15582,0.620368
1.0399,1.36767
1.06503,0.876747
1.09909,0.681142
1.10429,0.775422
1.03009,1.16049
1.0589,1.2152
1.09509,1.03208
1.10201,0.835011
1.02729,1.17276
1.00281,1.20882
1.16363,0.567427
1.06124,1.09578
1.22419,0.216036
1.04187,1.10801
1.06035,0.952776
1.16781,0.419853
1.09895,0.952812
1.11778,0.749502
1.08565,0.883165
1.00668,1.23557
1.07029,0.971007
1.01399,1.19928
1.05896,0.762454
1.09573,0.897864
1.09504,0.91447
1.1457,0.668111
1.0756,0.80249
1.01199,1.21356
1.1778,0.292638
1.07147,1.03147
1.0904,0.950507
1.00512,1.31852
1.03863,1.23981
0.923226,1.97312
1.12917,0.610632
1.05812,1.08357
1.11089,0.694366
0.996331,1.28066
1.01922,1.29162
1.1024,0.986232
0.995032,1.30857
1.11536,0.845833
1.02721,1.29884
1.10733,0.668306
