name,teff_K,mass_Msun,mass_err_Msun
J0011-0903,6203,0.548,0.012
J0013+0019,9507,0.59,0.009
J0015+1353,8439,0.559,0.012
J0018+3441,7326,0.56,0.017
J0020-1115,6306,0.824,0.06
J0022-1203,10547,0.801,0.015
J0033+0540,7087,0.625,0.015
J0035+0011,9444,0.574,0.008
J0035+1530,6034,0.741,0.036
J0036+0552,6816,0.596,0.017
J0041-0226,7560,0.58,0.009
J0044+0318,6848,0.563,0.012
J0050+1919,16510,0.613,0.012
J0052-0924,12895,0.528,0.005
J0054-0952,8650,0.54,0.008
J0103+0008,6735,0.508,0.023
J0105-0614,6090,0.505,0.027
J0105-0920,8058,0.593,0.011
J0107+2107,7182,1.001,0.04
J0109-1042,8148,0.513,0.007
J0111+2204,8732,0.923,0.01
J0112+3438,8651,0.57,0.013
J0113+3307,5877,0.51,0.029
J0113-0510,6706,0.793,0.029
J0116-0943,6375,0.775,0.038
J0119+2241,6044,0.8,0.038
J0124+4023,5227,0.635,0.006
J0128+1351,12877,0.55,0.005
J0128-0045,5695,0.552,0.008
J0131+3147,7766,0.589,0.017
J0132+4604,10383,0.614,0.006
J0134+0204,13022,0.514,0.007
J0135+5722,12416,1.151,0.004
J0137-0459,7168,0.237,0.002
J0139-0629,6142,0.574,0.025
J0151-1659,7074,0.376,0.021
J0152+0100,11002,0.572,0.01
J0152+2553,7599,0.509,0.004
J0153+1218,7078,0.886,0.03
J0153+1808,9146,0.88,0.007
J0154+2537,6778,0.735,0.021
J0159+6858,7871,0.811,0.022
J0202+2615,5916,0.715,0.034
J0208+2514,18836,0.414,0.003
J0209-0140,8967,0.545,0.01
J0211+2115,12243,1.076,0.007
J0211+2613,10091,0.994,0.014
J0212+3020,6614,0.632,0.025
J0214-0505,9007,0.902,0.013
J0215+4453,6516,0.672,0.045
J0217+3234,7388,0.853,0.011
J0221+0445,7252,0.644,0.005
J0224-0242,5252,0.63,0.034
J0225+0545,7267,0.563,0.022
J0225-1756,6064,0.607,0.014
J0234+2802,5510,0.616,0.031
J0234-0511,12635,0.957,0.004
J0238+2211,18353,0.505,0.013
J0245+2825,5145,0.54,0.025
J0253-0033,7888,0.575,0.012
J0255+0237,8684,0.763,0.009
J0255+2106,6283,0.6,0.009
J0256+0511,5431,0.526,0.035
J0257+0152,6302,0.584,0.01
J0303+0002,8361,0.616,0.02
J0306-0638,7720,0.669,0.016
J0311+1900,18229,0.558,0.005
J0316-0816,6483,0.806,0.008
J0320+1113,6590,0.737,0.037
J0326-0636,15168,0.651,0.011
J0331+4509,8543,0.817,0.014
J0339+0949,12702,0.64,0.011
J0341+3818,7325,0.844,0.023
J0344+1705,8345,0.563,0.015
J0348-0058,37537,1.244,0.008
J0352+3658,6941,0.822,0.029
J0404+1502,12304,0.63,0.008
J0406+5431,16812,0.643,0.007
J0406-0515,6724,0.843,0.031
J0420+1952,6448,0.605,0.013
J0420+3616,10934,0.521,0.011
J0422+3357,6796,0.551,0.021
J0428+0006,6852,0.668,0.035
J0428+0052,9989,0.584,0.01
J0431+1911,15578,0.67,0.014
J0433+5527,8686,0.548,0.021
J0436+5537,7204,0.705,0.015
J0440+0923,6327,0.777,0.008
J0441+2042,7443,0.482,0.016
J0443-0607,5497,0.644,0.043
J0445-0618,6569,0.589,0.011
J0454+1218,6511,0.557,0.028
J0455-0058,20839,1.263,0.006
J0459+2317,7657,0.561,0.015
J0526+0339,9744,0.877,0.014
J0531+0009,5536,0.673,0.039
J0534-0214,28060,0.993,0.014
J0538+1832,6427,0.665,0.016
J0542+0144,9244,0.804,0.008
J0546+2055,11684,0.574,0.008
J0552+3124,13613,0.714,0.004
J0607+3415,21132,1.182,0.007
J0609+3525,9961,0.626,0.006
J0615+4638,10127,0.784,0.014
J0620+3443,9828,0.645,0.008
J0627+3500,6684,0.616,0.011
J0630-1900,5985,0.789,0.021
J0635-0044,7248,0.599,0.013
J0644+2731,6961,0.841,0.007
J0657+3009,7856,0.563,0.01
J0723+6602,7538,0.546,0.017
J0729+2716,9257,0.588,0.007
J0736+2917,7024,0.612,0.017
J0737+4112,11028,0.621,0.006
J0740+2218,5852,0.665,0.015
J0741+1511,14407,0.587,0.007
J0742+2857,8411,0.573,0.021
J0746+3557,6748,0.621,0.015
J0747+2438,5641,0.57,0.01
J0747+4408,14704,0.874,0.005
J0751+1120,11791,0.561,0.007
J0754+1614,7892,0.471,0.014
J0755+0813,5620,0.65,0.017
J0757+3230,6048,0.597,0.037
J0800+0655,10623,1.01,0.013
J0801+4852,5161,0.548,0.008
J0803+0022,6490,0.609,0.016
J0805+0735,5397,0.667,0.007
J0805+4720,7014,0.591,0.02
J0805+4821,8001,0.966,0.028
J0805+4957,7056,0.734,0.029
J0806+2215,5702,0.611,0.012
J0808+1854,5674,0.557,0.01
J0809+2250,6660,0.7,0.01
J0810+0041,9978,0.405,0.008
J0811+4212,14597,1.159,0.008
J0811+4323,21196,0.944,0.01
J0812+1737,16273,0.659,0.005
J0814+1300,7687,0.844,0.018
J0815-0220,10215,0.516,0.018
J0819+2933,17064,0.571,0.009
J0820+3834,7598,0.617,0.007
J0828-0141,6394,0.668,0.026
J0829+5312,9757,0.657,0.012
J0831+1641,7075,0.574,0.01
J0831+3331,5809,0.652,0.008
J0832-0207,9386,0.981,0.012
J0834+0321,6090,0.826,0.033
J0834+0727,9449,0.575,0.018
J0834+3659,8922,0.583,0.007
J0835+4718,6571,0.569,0.013
J0836+1452,7892,0.884,0.021
J0836+2216,7942,0.705,0.017
J0836+3506,6215,0.523,0.026
J0840+1518,6401,0.687,0.024
J0842+2409,5888,0.592,0.007
J0843+5414,6889,0.567,0.017
J0844+1035,6313,0.658,0.021
J0845+3214,7487,0.411,0.013
J0846+0514,6424,0.583,0.024
J0849+3319,7570,0.593,0.008
J0851+1201,11208,0.907,0.009
J0852+1850,7981,0.559,0.016
J0853-0137,6176,0.623,0.031
J0858+4126,7097,0.838,0.007
J0859+5934,5022,0.524,0.029
J0901+3607,11575,0.663,0.004
J0903+2012,7214,0.524,0.009
J0903+2139,7839,0.876,0.021
J0903+2444,8510,0.602,0.023
J0904+1349,9471,0.591,0.007
J0904+3017,6724,0.593,0.018
J0905+5143,8015,0.888,0.013
J0905-0154,6602,0.583,0.021
J0906+0122,7087,0.945,0.03
J0906+2440,10674,0.598,0.014
J0910+2156,5707,0.382,0.008
J0912+2538,6577,0.625,0.005
J0916+4359,8671,0.607,0.005
J0918+5224,14660,0.578,0.006
J0920+6521,22578,0.934,0.009
J0922+2628,6709,0.604,0.029
J0923+2413,7207,0.792,0.024
J0923+4819,7169,0.877,0.018
J0924+2107,6187,0.693,0.022
J0924+3516,11599,0.597,0.006
J0925+3539,7116,0.642,0.015
J0925+6120,8160,0.534,0.004
J0929+6649,6036,0.698,0.03
J0930+5941,9203,0.833,0.022
J0934+1910,9251,0.629,0.01
J0934+5637,6880,0.868,0.022
J0936+0747,8533,0.606,0.016
J0941+2822,15325,0.564,0.008
J0942+0117,6160,0.751,0.023
J0942+0347,7848,0.857,0.036
J0942+4654,9138,0.561,0.007
J0944+4407,6864,0.811,0.026
J0945+2327,7311,0.603,0.01
J0946+1347,17185,0.896,0.01
J0946+2255,6556,0.612,0.034
J0946+6738,6685,0.608,0.017
J0948+2421,19678,0.854,0.009
J0950+3219,21925,0.84,0.01
J0950+3640,10621,0.639,0.014
J0952+0731,15369,0.628,0.008
J0952+4807,7723,0.567,0.017
J0955+1802,10949,0.592,0.009
J1000+1231,8751,0.643,0.025
J1003+5401,9606,0.588,0.011
J1004+1052,6966,0.903,0.037
J1006+0044,7472,0.578,0.033
J1007+1623,10393,0.996,0.012
J1010+6155,6933,0.779,0.024
J1011+4958,6152,0.731,0.018
J1012+6116,6000,0.56,0.026
J1014+0401,7518,0.578,0.009
J1014+2027,9056,0.576,0.013
J1015+0907,7146,0.783,0.024
J1015-0104,23517,0.737,0.015
J1018+0111,10870,0.96,0.009
J1018+0547,6327,0.764,0.067
J1020+3626,17361,0.771,0.008
J1021+1905,6350,0.572,0.022
J1021+4257,6398,0.658,0.022
J1022+0708,6269,0.624,0.024
J1022+1241,19063,0.632,0.008
J1022+1658,6647,0.596,0.017
J1022+4600,7764,0.341,0.005
J1024+8019,7635,0.599,0.012
J1026+1439,8984,0.581,0.015
J1029+0205,12236,0.596,0.005
J1033+2839,9374,0.56,0.012
J1035+0727,7195,0.641,0.028
J1035+2126,6949,0.645,0.013
J1038+0202,7128,0.643,0.027
J1042+2412,6388,0.858,0.047
J1044+5744,29255,0.532,0.01
J1047+3453,8253,0.285,0.005
J1048+2113,6796,0.88,0.057
J1048+6334,5151,0.551,0.006
J1049+2754,13063,0.592,0.005
J1049-0008,6787,0.536,0.026
J1050+3306,5632,0.559,0.033
J1055+5241,8888,0.797,0.016
J1056+3852,5817,0.716,0.014
J1057+1158,8226,0.669,0.018
J1101+1942,6459,0.694,0.045
J1103+3935,4971,0.523,0.009
J1105+0016,13071,0.769,0.005
J1107+5246,7157,0.614,0.021
J1107-0220,10338,0.763,0.015
J1110+0054,8787,0.662,0.014
J1110+2344,10400,0.585,0.011
J1111+4718,12547,0.77,0.005
J1115+0033,4989,0.335,0.005
J1115+2315,6521,0.221,0.017
J1116+0627,6384,0.579,0.004
J1116+0925,5367,0.602,0.015
J1116-1035,6446,0.532,0.018
J1117+4851,6588,0.526,0.017
J1125+5419,14566,0.57,0.005
J1126+1433,6232,0.566,0.017
J1127+0623,8475,0.584,0.012
J1130+1002,5085,0.542,0.024
J1131+4938,10142,0.344,0.005
J1132+2328,7524,0.554,0.017
J1132-0532,6828,0.802,0.031
J1133+1839,11011,0.884,0.025
J1133+6243,6725,0.349,0.005
J1135+6429,8903,0.959,0.014
J1137+2947,21827,0.965,0.002
J1138+3610,6971,1.171,0.04
J1139+2613,6570,0.754,0.014
J1139+4205,11568,0.611,0.011
J1141-0132,7372,0.837,0.022
J1144+6629,6717,0.472,0.007
J1145+1523,5121,0.546,0.044
J1145+6305,5524,0.542,0.005
J1151+4047,14739,0.594,0.014
J1152+1803,6960,0.605,0.023
J1153-0312,7273,0.537,0.017
J1157+5110,12119,0.599,0.008
J1201+0847,7208,0.757,0.036
J1202+4929,4838,0.522,0.037
J1204+6259,6233,0.668,0.018
J1208+0312,6086,0.613,0.024
J1209+0939,6163,0.918,0.02
J1211+3653,9963,0.632,0.013
J1211+4953,5558,0.606,0.017
J1212+4345,5405,0.625,0.027
J1213+1140,15303,1.079,0.008
J1214-0142,5136,0.59,0.026
J1215+0948,8157,0.589,0.02
J1216+0338,5942,0.576,0.027
J1217+3044,7119,0.562,0.025
J1218+2545,16099,0.902,0.011
J1219+4015,6437,0.589,0.021
J1221+3306,7716,0.573,0.018
J1221+5320,7555,0.834,0.02
J1225+1522,6565,0.94,0.03
J1226+3632,5697,0.62,0.032
J1231+0531,8443,0.604,0.012
J1231-0132,19858,0.391,0.005
J1233+2825,5898,0.743,0.023
J1238+3933,6558,0.742,0.018
J1238+4931,6501,0.813,0.028
J1240-0310,9988,0.853,0.005
J1241+4706,9378,0.572,0.009
J1241-0733,9800,0.588,0.013
J1242+2733,5664,0.687,0.011
J1244-0119,22816,0.334,0.003
J1247-1248,13003,0.633,0.004
J1248+1222,7257,0.558,0.018
J1248+4153,12238,0.591,0.008
J1253+0355,6402,0.633,0.018
J1254+2054,6773,0.735,0.022
J1257+2201,46171,0.65,0.004
J1257+2911,6797,0.571,0.012
J1258+5014,8243,0.669,0.006
J1300+0328,5668,0.714,0.005
J1300+0836,6167,0.703,0.024
J1300+1817,9183,0.366,0.008
J1300+5904,6132,0.568,0.012
J1300+5904,14844,0.606,0.006
J1301+6713,6666,0.752,0.006
J1301-0235,7055,1.079,0.028
J1304+5927,26926,0.778,0.011
J1306+4355,6593,0.558,0.014
J1307+4910,5600,0.595,0.02
J1308+0013,14299,0.606,0.011
J1310-0202,6396,0.731,0.021
J1311+1631,10648,0.726,0.005
J1314+1732,11854,0.612,0.009
J1318+1241,6275,0.622,0.023
J1319+4505,12850,0.311,0.002
J1320+4712,7944,0.584,0.01
J1321+3345,9021,0.984,0.012
J1325+0852,9892,0.786,0.011
J1326+5025,6775,0.637,0.021
J1327+5755,6682,0.566,0.007
J1329-0238,8863,0.754,0.028
J1330+2329,6186,0.872,0.02
J1333+0649,7549,0.812,0.016
J1335+1237,13387,0.529,0.008
J1336+3623,6881,0.597,0.006
J1336+5403,6041,0.639,0.018
J1337+3637,20195,0.513,0.007
J1337+6110,5567,0.632,0.008
J1341+0721,5998,0.498,0.024
J1341+3421,16219,0.564,0.008
J1341+3545,14581,0.609,0.009
J1344+4349,6240,0.809,0.011
J1347+1021,6995,0.597,0.004
J1351+3654,6916,0.54,0.018
J1351+5419,11422,0.769,0.008
J1352+0818,6909,0.515,0.021
J1352+6524,11733,0.564,0.003
J1354+0108,11435,0.533,0.011
J1357+3348,14504,0.586,0.011
J1404+0936,9956,0.536,0.008
J1404+1349,5715,0.624,0.041
J1406+1608,6664,0.597,0.01
J1406+1812,7198,0.837,0.01
J1409+3828,7326,0.578,0.018
J1413+3256,10096,0.581,0.008
J1414+4336,6406,0.6,0.009
J1415+4337,6864,0.642,0.01
J1416+0008,13699,0.748,0.006
J1417+1805,9054,0.925,0.012
J1418+0929,15847,0.58,0.008
J1421+0930,9213,0.65,0.013
J1421+4226,9116,1.147,0.01
J1423-1820,7055,0.805,0.024
J1426+5006,27074,0.641,0.007
J1430+0438,7897,0.629,0.01
J1430+3710,13841,0.312,0.004
J1433+1907,5023,0.504,0.016
J1441+0518,6626,0.713,0.027
J1441+6228,7146,0.587,0.013
J1443+3206,12474,0.672,0.008
J1446+2130,5857,0.595,0.019
J1446+3453,10277,0.579,0.006
J1448+0157,6957,0.596,0.014
J1448-0232,9199,0.587,0.01
J1450+4055,13656,0.566,0.007
J1451+0243,8282,0.931,0.018
J1454+1253,5688,0.623,0.036
J1457+2827,9348,0.648,0.013
J1458+0605,6724,0.775,0.05
J1504+0750,6613,0.668,0.028
J1509+4546,11226,0.643,0.008
J1510+1248,6174,0.682,0.046
J1511+3204,14734,0.666,0.005
J1511+4220,10924,1.023,0.012
J1511+5624,8922,0.564,0.007
J1512-0946,9648,0.544,0.006
J1513+3022,6577,0.93,0.009
J1515+6642,10099,0.755,0.006
J1516+2803,7944,0.659,0.009
J1520+0803,14088,0.564,0.008
J1520+3355,6291,0.84,0.019
J1521+3812,19463,0.617,0.01
J1524-0030,11513,0.6,0.012
J1526+2936,5102,0.543,0.004
J1527+2535,21628,0.79,0.008
J1529+0604,14771,0.59,0.009
J1529-0038,7023,0.99,0.02
J1533-0206,11212,0.54,0.012
J1534+0037,8340,0.642,0.022
J1534+1010,7015,0.527,0.014
J1536+1717,5760,0.596,0.026
J1539+0153,8763,0.604,0.015
J1540+2343,15697,0.851,0.007
J1540+3308,8812,0.633,0.009
J1540-1523,15994,0.625,0.008
J1541+6453,11239,0.607,0.011
J1542+0153,6713,0.713,0.019
J1549+0535,23228,0.882,0.012
J1550+0838,6416,0.794,0.02
J1550+2200,10285,0.754,0.008
J1551+3222,8319,0.577,0.01
J1552+1810,14734,0.868,0.006
J1552+1852,7740,0.301,0.005
J1552+4638,5186,0.591,0.034
J1555+0647,5817,0.783,0.017
J1555+3513,22493,0.416,0.007
J1555+5025,6186,0.626,0.004
J1558+0736,6341,0.697,0.021
J1558+0840,6997,0.554,0.018
J1600+5038,6124,0.761,0.019
J1601+2735,6964,0.583,0.012
J1601+5317,6737,0.597,0.004
J1602+1858,5703,0.578,0.038
J1604+4908,9217,0.892,0.012
J1605+5311,6526,0.576,0.02
J1605-0028,9272,0.589,0.009
J1608+4256,8511,0.563,0.01
J1609+1619,7200,0.62,0.011
J1609+2441,7075,0.99,0.009
J1609+5222,6606,0.986,0.008
J1609-0031,6710,0.582,0.025
J1610+1327,6599,0.593,0.006
J1611+6141,10351,0.611,0.007
J1612+1419,13930,0.56,0.01
J1615+4602,4772,0.408,0.027
J1616+6310,7523,0.846,0.015
J1620+5223,15842,0.465,0.007
J1623+3340,6822,0.64,0.024
J1624+1347,6866,0.596,0.02
J1628+2332,7269,0.784,0.015
J1630+2639,11503,0.585,0.01
J1631-0516,6518,0.601,0.02
J1634+0934,6731,0.471,0.013
J1634-0901,8492,0.633,0.015
J1637+0110,7070,0.579,0.01
J1637+5133,7144,0.669,0.01
J1637-0204,8046,0.582,0.008
J1639+1036,6481,0.768,0.02
J1641+1512,7363,0.539,0.006
J1643+6328,12203,0.829,0.009
J1644+1657,15293,0.826,0.006
J1645+3059,7140,0.706,0.016
J1645+4958,6677,0.526,0.01
J1649+3728,22209,0.591,0.006
J1654+1243,5321,0.572,0.014
J1654+2352,10700,0.622,0.011
J1654+6339,15785,0.565,0.009
J1655+1231,13717,0.809,0.011
J1657+2126,9147,0.601,0.005
J1658-0617,5587,0.646,0.007
J1659+4425,5504,0.541,0.004
J1659+6610,11422,1.114,0.006
J1704+2916,13740,0.875,0.006
J1705+4803,13545,0.633,0.005
J1705+4803,8742,0.236,0.002
J1707+2224,14841,0.548,0.005
J1707+3532,22331,1.145,0.007
J1707+6413,7617,0.574,0.011
J1708+3312,12025,0.604,0.005
J1712+3921,6043,0.644,0.014
J1713+3355,11281,0.784,0.009
J1714+6238,15387,0.654,0.008
J1716+2612,8221,0.514,0.011
J1717+6136,6523,0.953,0.027
J1722+2645,14860,0.61,0.005
J1722+2848,5129,0.61,0.019
J1722+3221,6498,0.543,0.018
J1722+3602,11945,0.569,0.004
J1724+2756,6115,0.781,0.007
J1727+0900,20658,0.612,0.008
J1729+2916,7053,0.815,0.006
J1733+2705,6296,0.625,0.021
J1736+6102,15491,0.579,0.006
J1739+6043,6672,0.574,0.01
J1742+4338,5444,0.578,0.004
J1753+5039,8793,0.841,0.009
J1754+5938,6331,0.592,0.022
J1758+5201,8265,0.83,0.013
J1806+2312,8811,0.955,0.014
J1812+4321,12445,0.917,0.008
J1835+6312,11266,0.519,0.007
J1849+4020,17647,0.608,0.006
J1902+7728,17325,1.263,0.006
J1948+6122,6073,0.586,0.022
J1955-0030,8829,0.832,0.021
J2004-1058,7811,0.765,0.028
J2006+5902,13854,0.477,0.004
J2009-0059,7014,0.801,0.024
J2010-1126,6272,0.58,0.021
J2011+7710,14072,0.74,0.008
J2044+1533,16805,0.801,0.008
J2044+4030,12722,0.616,0.005
J2045+0424,6462,0.955,0.026
J2046-0644,9258,0.563,0.012
J2049+4500,10959,0.656,0.007
J2051+5636,7059,0.601,0.013
J2053-0016,22721,0.601,0.01
J2054+2337,17018,0.737,0.01
J2104-0313,20299,0.62,0.011
J2105+0602,6282,0.664,0.03
J2108-0033,6270,0.672,0.025
J2111+0120,15968,0.605,0.008
J2111+1102,16208,1.131,0.007
J2115-0741,10616,0.863,0.008
J2118+1120,5983,0.73,0.012
J2119-0300,8767,0.358,0.011
J2122+0413,4948,0.456,0.005
J2126+0729,6630,0.839,0.019
J2126+7338,15553,0.583,0.01
J2127+2632,6438,0.582,0.018
J2129+0013,8845,0.247,0.003
J2134+0955,13089,0.594,0.008
J2140+2140,10040,0.571,0.013
J2141+1146,15407,0.577,0.009
J2143+2829,5983,0.577,0.025
J2147+1127,4901,0.534,0.019
J2149+0415,5106,0.261,0.003
J2150+1953,8621,0.675,0.019
J2151+2305,9272,0.854,0.014
J2152+0223,17753,0.657,0.003
J2153+2948,6206,0.748,0.023
J2154+2657,6437,0.563,0.018
J2155+1201,5998,0.588,0.053
J2206-0046,18085,0.643,0.012
J2208+2059,11092,0.937,0.012
J2208+2221,9112,0.973,0.013
J2208+3115,16355,0.73,0.009
J2211+1136,9072,1.317,0.013
J2215+3158,7215,0.648,0.009
J2218+0319,8640,0.594,0.011
J2220-0600,6049,0.816,0.034
J2224+2158,8064,0.59,0.008
J2224+2716,9734,0.731,0.044
J2225+3005,7890,0.862,0.015
J2225-0114,5591,0.38,0.021
J2227+1753,6668,0.563,0.007
J2228+1754,14118,0.595,0.011
J2229+3927,7043,0.877,0.009
J2231+0137,6660,0.709,0.021
J2231-0902,6076,0.625,0.023
J2232+2155,7199,0.746,0.023
J2234+1456,6329,0.608,0.005
J2236+0007,24707,0.668,0.009
J2241+0801,5826,0.633,0.016
J2241+1332,5992,0.752,0.008
J2243+2005,10700,0.831,0.014
J2246+0253,13282,0.59,0.009
J2248+0436,9657,0.606,0.01
J2256+1252,11371,0.593,0.009
J2257+1921,8584,0.595,0.01
J2306+2432,11012,0.582,0.009
J2308+0553,6040,0.753,0.029
J2308+1245,20597,0.671,0.011
J2309-0705,7423,0.451,0.029
J2312+1047,53603,0.589,0.043
J2312-0030,6003,1.062,0.025
J2319-0229,5085,0.233,0.004
J2320+1945,6192,0.998,0.013
J2321+6926,16768,0.502,0.008
J2323+1135,6845,0.825,0.021
J2327+2638,6646,0.869,0.01
J2329+0047,6179,0.654,0.017
J2332+2658,9627,0.885,0.005
J2335-0442,10343,0.566,0.007
J2338+3101,6500,0.654,0.032
J2339+2843,6074,0.772,0.024
J2340+4357,8614,0.665,0.009
J2346+2200,11191,0.549,0.009
J2352+0212,5363,0.651,0.046
J2355-1916,8715,0.564,0.009
J2356+0537,6535,0.56,0.018
J2356+1143,11992,0.679,0.008
J2357+2602,8059,0.574,0.01
J2359-0740,10856,0.635,0.016
J1412+1129,7360,0.717,0.022
J1611+1322,8529,0.786,0.007
J1628+1224,11002,0.501,0.013
J2138+2309,9695,0.47,0.005
J2301+2323,9974,0.641,0.008
