t_days,rv_kms,sigma_rv_kms
24.302000,-33.303105,2.997419
26.891000,-29.295258,1.611447
43.976000,-19.525132,1.461995
62.784000,2.634345,1.551927
97.496000,4.013045,1.168208
108.724000,-13.085983,1.195753
111.755000,-20.545219,2.366173
121.997000,-36.828114,2.696008
124.621000,-34.649616,1.694250
136.401000,-41.409632,2.160358
160.651000,-40.035176,1.091263
164.315000,-44.070576,1.380329
172.008000,-38.656947,1.258629
192.451000,-26.564296,2.902108
206.250000,-6.861166,2.860835
365.193000,-14.537700,2.306254
374.006000,-16.547847,2.215891
391.256000,5.747461,2.632853
400.912000,16.210148,1.186503
424.228000,-3.081523,1.211496
428.172000,-14.158542,2.424968
445.288000,-40.776877,2.972201
445.527000,-36.975800,1.557035
452.702000,-34.447770,2.558002
454.091000,-38.872861,1.700977
456.303000,-43.074063,0.973906
460.551000,-39.504559,1.588429
463.696000,-42.924193,2.789272
482.250000,-45.508667,1.346034
699.864000,-2.819295,2.510712
700.498000,-6.431568,1.886500
728.851000,6.017035,2.864177
734.391000,5.078168,0.993372
773.244000,-41.347192,1.820559
774.658000,-42.673072,2.126981
796.008000,-36.782285,1.456506
801.042000,-49.056319,1.483502
806.682000,-43.850754,1.209926
820.547000,-39.521498,1.374985
831.545000,-32.618367,2.304987
843.240000,-18.612560,1.107409
857.715000,-3.654376,2.454252
891.839000,12.118353,2.470579
